PO_ID,Order_Date,Product_ID,Supplier_ID,Warehouse_ID,Quantity_Ordered,Quantity_Received,Delivery_Date
PO-2025-00001,2025-01-01 00:00:00,P001,S01,W02,160,160,2025-01-21 00:00:00
PO-2025-00002,2025-01-01 00:00:00,P001,S01,W03,100,100,2025-01-16 00:00:00
PO-2025-00003,2025-01-01 00:00:00,P001,S01,W04,120,120,2025-01-19 00:00:00
PO-2025-00004,2025-01-01 00:00:00,P001,S01,W05,70,70,2025-01-16 00:00:00
PO-2025-00005,2025-01-01 00:00:00,P002,S01,W01,60,60,2025-01-17 00:00:00
PO-2025-00006,2025-01-01 00:00:00,P002,S01,W02,260,260,2025-01-23 00:00:00
PO-2025-00007,2025-01-01 00:00:00,P002,s02,W03,160,160,2025-01-06 00:00:00
PO-2025-00008,2025-01-01 00:00:00,P002,S01,W04,130,130,2025-01-20 00:00:00
PO-2025-00009,2025-01-01 00:00:00,P002,S01,W05,80,,2025-01-26 00:00:00
PO-2025-00010,2025-01-01 00:00:00,P003,S01,W01,60,60,2025-01-19 00:00:00
PO-2025-00011,2025-01-01 00:00:00,P003,S02,W03,100,100,2025-01-08 00:00:00
PO-2025-00012,2025-01-01 00:00:00,P004,S01,W01,140,140,2025-01-19 00:00:00
PO-2025-00013,2025-01-01 00:00:00,P004,S01,W05,100,85,2025-01-20 00:00:00
PO-2025-00014,2025-01-01 00:00:00,P005,S01,W02,140,140,2025-01-21 00:00:00
PO-2025-00015,2025-01-01 00:00:00,P005,S01,W04,140,140,2025-01-24 00:00:00
PO-2025-00016,2025-01-01 00:00:00,P006,S02,W03,140,140,2025-01-11 00:00:00
PO-2025-00017,2025-01-01 00:00:00,P006,S01,W04,100,100,2025-01-16 00:00:00
PO-2025-00018,2025-01-01 00:00:00,P007,S04,W04,30,30,2025-01-14 00:00:00
PO-2025-00019,2025-01-01 00:00:00,P007,S03,W05,70,70,2025-01-12 00:00:00
PO-2025-00020,2025-01-01 00:00:00,P009,S04,W01,70,65,2025-01-22 00:00:00
PO-2025-00021,2025-01-01 00:00:00,P009,S03,W04,60,60,2025-01-21 00:00:00
PO-2025-00022,2025-01-01 00:00:00,P010,S04,W04,80,80,2025-01-14 00:00:00
PO-2025-00023,2025-01-01 00:00:00,P011,s04,W02,50,50,2025-01-12 00:00:00
PO-2025-00024,2025-01-01 00:00:00,P011,S03,W04,40,40,2025-01-11 00:00:00
PO-2025-00025,2025-01-01 00:00:00,P011,S04,W05,60,60,2025-01-13 00:00:00
PO-2025-00026,2025-01-01 00:00:00,P012,S03,W01,60,60,2025-01-10 00:00:00
PO-2025-00027,2025-01-01 00:00:00,P024,S06,W01,150,150,2025-01-06 00:00:00
PO-2025-00028,2025-01-01 00:00:00,P025,S02,W01,190,190,2025-01-08 00:00:00
PO-2025-00029,2025-01-01 00:00:00,P025,S02,W05,250,250,2025-01-07 00:00:00
PO-2025-00030,2025-01-01 00:00:00,P026,S08,W01,190,190,2025-01-08 00:00:00
PO-2025-00031,2025-01-01 00:00:00,P027,S08,W04,270,222,2025-01-09 00:00:00
PO-2025-00032,2025-01-01 00:00:00,P028,S08,W02,320,320,2025-01-09 00:00:00
PO-2025-00033,2025-01-02 00:00:00,P006,S01,W05,90,90,2025-01-20 00:00:00
PO-2025-00034,2025-01-02 00:00:00,P010,S03,W02,40,40,2025-01-07 00:00:00
PO-2025-00035,2025-01-02 00:00:00,P010,S04,W05,20,20,2025-01-11 00:00:00
PO-2025-00036,2025-01-02 00:00:00,P020,S07,W04,320,320,2025-01-07 00:00:00
PO-2025-00037,2025-01-02 00:00:00,P028,S08,W01,100,100,2025-01-11 00:00:00
PO-2025-00038,2025-01-03 00:00:00,P001,S01,W01,120,120,2025-01-21 00:00:00
PO-2025-00039,2025-01-03 00:00:00,P018,S05,W01,220,220,2025-01-07 00:00:00
PO-2025-00040,2025-01-03 00:00:00,P024,S07,W04,210,210,2025-01-09 00:00:00
PO-2025-00041,2025-01-04 00:00:00,P003,S01,W02,140,140,2025-01-18 00:00:00
PO-2025-00042,2025-01-04 00:00:00,P008,S04,W01,40,40,2025-01-13 00:00:00
PO-2025-00043,2025-01-04 00:00:00,P009,S04,W05,30,30,2025-01-20 00:00:00
PO-2025-00044,2025-01-04 00:00:00,P010,S03,W03,90,77,2025-01-14 00:00:00
PO-2025-00045,2025-01-04 00:00:00,P017,S06,W05,430,397,2025-01-12 00:00:00
PO-2025-00046,2025-01-04 00:00:00,P027,S08,W05,90,90,2025-01-13 00:00:00
PO-2025-00047,2025-01-06 00:00:00,P005,S01,W03,90,90,2025-01-30 00:00:00
PO-2025-00048,2025-01-06 00:00:00,P006,S01,W02,80,80,2025-01-27 00:00:00
PO-2025-00049,2025-01-06 00:00:00,P008,S03,W04,40,40,2025-01-13 00:00:00
PO-2025-00050,2025-01-06 00:00:00,P009,S04,W03,80,80,2025-01-17 00:00:00
PO-2025-00051,2025-01-06 00:00:00,P011,S04,W01,70,70,2025-01-17 00:00:00
PO-2025-00052,2025-01-06 00:00:00,P013,S05,W05,270,226,2025-01-09 00:00:00
PO-2025-00053,2025-01-06 00:00:00,P017,S05,W01,150,150,2025-01-11 00:00:00
PO-2025-00054,2025-01-06 00:00:00,P021,S07,W02,320,320,2025-01-11 00:00:00
PO-2025-00055,2025-01-06 00:00:00,P022,S07,W03,450,450,2025-01-13 00:00:00
PO-2025-00056,2025-01-06 00:00:00,P023,S07,W02,130,130,2025-01-12 00:00:00
PO-2025-00057,2025-01-06 00:00:00,P028,S08,W05,80,66,2025-01-14 00:00:00
PO-2025-00058,2025-01-07 00:00:00,P005,S01,W01,60,60,2025-01-21 00:00:00
PO-2025-00059,2025-01-07 00:00:00,P009,S03,W02,50,43,2025-01-19 00:00:00
PO-2025-00060,2025-01-07 00:00:00,P013,S05,W02,920,920,2025-01-11 00:00:00
PO-2025-00061,2025-01-07 00:00:00,P015,S06,W04,220,187,2025-01-13 00:00:00
PO-2025-00062,2025-01-07 00:00:00,P024,S07,W02,250,250,2025-01-14 00:00:00
PO-2025-00063,2025-01-08 00:00:00,P015,S05,W02,330,330,2025-01-12 00:00:00
PO-2025-00064,2025-01-08 00:00:00,P016,S06,W04,220,220,2025-01-14 00:00:00
PO-2025-00065,2025-01-08 00:00:00,P019,S06,W02,390,390,2025-01-14 00:00:00
PO-2025-00066,2025-01-08 00:00:00,P019,S07,W04,310,310,2025-01-15 00:00:00
PO-2025-00067,2025-01-08 00:00:00,P025,S08,W04,140,140,2025-01-17 00:00:00
PO-2025-00068,2025-01-08 00:00:00,P030,S08,W01,180,180,2025-01-14 00:00:00
PO-2025-00069,2025-01-09 00:00:00,P007,S03,W02,60,60,2025-01-18 00:00:00
PO-2025-00070,2025-01-09 00:00:00,P010,S03,W02,40,40,2025-01-21 00:00:00
PO-2025-00071,2025-01-09 00:00:00,P026,S08,W02,140,140,2025-01-19 00:00:00
PO-2025-00072,2025-01-09 00:00:00,P027,S02,W01,200,200,2025-01-18 00:00:00
PO-2025-00073,2025-01-10 00:00:00,P001,S01,W05,70,70,2025-01-30 00:00:00
PO-2025-00074,2025-01-10 00:00:00,P017,S05,W04,220,182,2025-01-14 00:00:00
PO-2025-00075,2025-01-10 00:00:00,P021,S07,W01,240,240,
PO-2025-00076,2025-01-11 00:00:00,P012,S04,W04,40,35,2025-01-21 00:00:00
PO-2025-00077,2025-01-11 00:00:00,P021,S07,W04,570,570,2025-01-16 00:00:00
PO-2025-00078,11-01-2025,P022,S07,W01,370,370,2025-01-15 00:00:00
PO-2025-00079,2025-01-11 00:00:00,P030,S08,W03,250,250,2025-01-21 00:00:00
PO-2025-00080,2025-01-11 00:00:00,P030,S02,W04,170,170,2025-01-22 00:00:00
PO-2025-00081,2025-01-13 00:00:00,P006,S01,W01,40,40,2025-02-02 00:00:00
PO-2025-00082,2025-01-13 00:00:00,P008,S03,W02,60,60,2025-01-26 00:00:00
PO-2025-00083,2025-01-13 00:00:00,P008,S04,W03,40,40,2025-01-24 00:00:00
PO-2025-00084,2025-01-13 00:00:00,P008,S03,W05,60,60,2025-01-25 00:00:00
PO-2025-00085,2025-01-13 00:00:00,P012,S04,W05,40,40,2025-01-26 00:00:00
PO-2025-00086,2025-01-13 00:00:00,P015,S05,W05,260,260,2025-01-15 00:00:00
PO-2025-00087,2025-01-13 00:00:00,P018,S05,W02,540,540,2025-01-19 00:00:00
PO-2025-00088,2025-01-13 00:00:00,P018,S05,W04,320,320,2025-01-18 00:00:00
PO-2025-00089,2025-01-13 00:00:00,P019,S06,W01,400,400,25-01-2025
PO-2025-00090,2025-01-13 00:00:00,P020,S07,W02,250,250,2025-01-19 00:00:00
PO-2025-00091,2025-01-13 00:00:00,P020,S06,W03,230,0,2025-01-20 00:00:00
PO-2025-00092,2025-01-13 00:00:00,P021,S07,W05,180,180,2025-01-20 00:00:00
PO-2025-00093,2025-01-13 00:00:00,P026,S08,W03,130,130,2025-01-20 00:00:00
PO-2025-00094,2025-01-13 00:00:00,P028,S08,W03,230,230,2025-01-22 00:00:00
PO-2025-00095,2025-01-14 00:00:00,P010,S03,W05,20,20,2025-01-23 00:00:00
PO-2025-00096,2025-01-14 00:00:00,P011,S03,W03,40,33,2025-01-25 00:00:00
PO-2025-00097,2025-01-14 00:00:00,P023,S06,W01,220,220,2025-01-20 00:00:00
PO-2025-00098,2025-01-14 00:00:00,P025,S08,W03,210,210,2025-01-19 00:00:00
PO-2025-00099,2025-01-14 00:00:00,P029,S08,W01,130,130,2025-01-23 00:00:00
PO-2025-00100,2025-01-15 00:00:00,P004,S01,W03,110,110,2025-01-28 00:00:00
PO-2025-00101,15-01-2025,P013,S05,W04,310,310,2025-01-18 00:00:00
PO-2025-00102,2025-01-15 00:00:00,P016,S05,W03,330,330,2025-01-19 00:00:00
PO-2025-00103,2025-01-15 00:00:00,P022,S07,W05,240,240,2025-01-21 00:00:00
PO-2025-00104,2025-01-15 00:00:00,P023,S07,W03,230,230,2025-01-14 00:00:00
PO-2025-00105,2025-01-16 00:00:00,P017,S05,W03,360,337,2025-01-21 00:00:00
PO-2025-00106,16/01/2025,P018,S05,W03,480,441,2025-01-18 00:00:00
PO-2025-00107,2025-01-16 00:00:00,P027,S08,W02,390,390,2025/01/24
PO-2025-00108,2025-01-16 00:00:00,P029,S08,W04,200,200,2025-01-23 00:00:00
PO-2025-00109,2025-01-17 00:00:00,P004,S02,W05,100,100,2025-01-25 00:00:00
PO-2025-00110,2025-01-17 00:00:00,P005,S01,W05,100,100,2025-02-06 00:00:00
PO-2025-00111,2025-01-17 00:00:00,P015,S05,W01,690,690,2025-01-21 00:00:00
PO-2025-00112,2025-01-17 00:00:00,P019,S07,W03,100,93,2025-01-24 00:00:00
PO-2025-00113,2025-01-17 00:00:00,P028,S08,W04,180,180,2025-01-23 00:00:00
PO-2025-00114,2025-01-18 00:00:00,P001,S01,W02,160,160,2025-02-04 00:00:00
PO-2025-00115,2025-01-18 00:00:00,P015,S06,W03,600,514,28-01-2025
PO-2025-00116,2025-01-18 00:00:00,P018,S05,W05,350,0,2025-01-26 00:00:00
PO-2025-00117,2025-01-18 00:00:00,P022,S07,W04,250,250,2025-01-24 00:00:00
PO-2025-00118,2025-01-18 00:00:00,P024,S07,W03,130,130,2025-01-23 00:00:00
PO-2025-00119,2025-01-18 00:00:00,P029,S08,W02,150,150,2025-01-26 00:00:00
PO-2025-00120,2025-01-20 00:00:00,P002,S02,W04,130,130,26-01-2025
PO-2025-00121,2025-01-20 00:00:00,P003,S01,W03,100,100,2025-02-08 00:00:00
PO-2025-00122,2025-01-20 00:00:00,P004,S02,W04,150,150,2025-01-28 00:00:00
PO-2025-00123,2025-01-20 00:00:00,P023,S07,W05,170,149,2025-01-25 00:00:00
PO-2025-00124,2025-01-20 00:00:00,P028,S08,W01,100,100,2025-01-28 00:00:00
PO-2025-00125,2025-01-21 00:00:00,P010,S03,W03,90,90,2025-01-30 00:00:00
PO-2025-00126,2025-01-21 00:00:00,P014,S05,W04,250,250,2025-01-27 00:00:00
PO-2025-00127,2025-01-21 00:00:00,p016,S05,W01,340,340,2025-01-25 00:00:00
PO-2025-00128,2025-01-21 00:00:00,P018,S05,W01,220,220,2025-01-26 00:00:00
PO-2025-00129,2025-01-21 00:00:00,P025,S08,W02,160,160,2025-02-03 00:00:00
PO-2025-00130,2025-01-22 00:00:00,P014,S06,W01,250,250,2025-02-03 00:00:00
PO-2025-00131,2025-01-22 00:00:00,P028,S08,W05,80,80,2025-02-01 00:00:00
PO-2025-00132,2025-01-23 00:00:00,P006,S02,W04,100,110,2025-01-30 00:00:00
PO-2025-00133,2025-01-23 00:00:00,P010,S03,W04,80,80,2025-02-01 00:00:00
PO-2025-00134,23/01/2025,P016,S05,W05,420,420,2025-01-29 00:00:00
PO-2025-00135,2025-01-23 00:00:00,P019,S06,W05,210,210,2025-01-29 00:00:00
PO-2025-00136,2025-01-23 00:00:00,P020,S07,W05,270,237,2025-01-27 00:00:00
PO-2025-00137,2025-01-24 00:00:00,P014,S99,W05,270,270,2025-01-28 00:00:00
PO-2025-00138,2025-01-25 00:00:00,P006,S01,W03,140,116,2025-02-07 00:00:00
PO-2025-00139,2025-01-25 00:00:00,P007,S03,W04,30,28,2025-02-04 00:00:00
PO-2025-00140,2025-01-25 00:00:00,P010,S03,W02,40,40,2025-02-06 00:00:00
PO-2025-00141,2025-01-25 00:00:00,P012,S03,W01,60,60,2025-02-05 00:00:00
PO-2025-00142,2025-01-25 00:00:00,P017,S05,W01,150,150,2025-01-29 00:00:00
PO-2025-00143,2025-01-25 00:00:00,P024,S07,W01,150,150,2025-02-02 00:00:00
PO-2025-00144,2025-01-25 00:00:00,P024,S07,W04,210,168,2025-01-31 00:00:00
PO-2025-00145,27-01-2025,P005,S01,W02,140,140,2025-02-13 00:00:00
PO-2025-00146,2025-01-27 00:00:00,P010,S03,W05,20,17,2025-02-05 00:00:00
PO-2025-00147,2025-01-27 00:00:00,P017,S05,W02,410,410,2025-01-31 00:00:00
PO-2025-00148,2025-01-27 00:00:00,P023,S07,W02,130,130,2025-02-06 00:00:00
PO-2025-00149,2025-01-27 00:00:00,P024,S06,W05,160,160,2025-02-02 00:00:00
PO-2025-00150,2025-01-28 00:00:00,P008,S03,W01,40,38,07-02-2025
PO-2025-00151,2025-01-29 00:00:00,P025,S08,W05,250,250,2025-02-05 00:00:00
PO-2025-00152,2025-01-29 00:00:00,P027,S02,W04,270,246,2025-02-05 00:00:00
PO-2025-00153,2025/01/30,P003,S01,W01,60,60,2025-02-18 00:00:00
PO-2025-00154,2025-01-30 00:00:00,P024,S07,W02,250,250,2025-02-06 00:00:00
PO-2025-00155,2025-01-30 00:00:00,P027,S02,W05,90,90,2025-02-07 00:00:00
PO-2025-00156,2025-01-31 00:00:00,P006,S02,W05,90,90,2025-02-15 00:00:00
PO-2025-00157,2025-01-31 00:00:00,P013,S05,W05,270,270,2025-02-02 00:00:00
PO-2025-00158,2025-01-31 00:00:00,P017,S05,W03,360,360,2025-02-05 00:00:00
PO-2025-00159,2025-02-01 00:00:00,P001,S01,W05,70,66,2025-02-21 00:00:00
PO-2025-00160,2025-02-01 00:00:00,P016,S05,W03,330,330,2025-02-06 00:00:00
PO-2025-00161,2025-02-03 00:00:00,P001,S01,W03,100,100,2025-02-25 00:00:00
PO-2025-00162,2025-02-03 00:00:00,P002,S02,W02,260,260,2025-02-11 00:00:00
PO-2025-00163,03-02-2025,P003,S01,W02,140,140,2025-02-20 00:00:00
PO-2025-00164,2025-02-03 00:00:00,P019,S07,W02,390,390,2025-02-08 00:00:00
PO-2025-00165,2025-02-03 00:00:00,P023,S07,W05,170,170,2025-02-09 00:00:00
PO-2025-00165,2025-02-03 00:00:00,P023,S07,W05,170,170,2025-02-09 00:00:00
PO-2025-00166,2025-02-03 00:00:00,P026,S08,W03,130,130,11-02-2025
PO-2025-00167,2025-02-03 00:00:00,P028,S08,W02,320,320,2025-02-11 00:00:00
PO-2025-00168,2025-02-04 00:00:00,P006,S01,W02,80,80,2025-02-17 00:00:00
PO-2025-00169,2025-02-04 00:00:00,P008,S03,W03,40,40,2025-02-13 00:00:00
PO-2025-00170,2025-02-04 00:00:00,P025,S08,W04,140,140,2025-02-11 00:00:00
PO-2025-00171,2025-02-05 00:00:00,P005,S02,W01,60,54,2025-02-12 00:00:00
PO-2025-00172,2025-02-05 00:00:00,P006,S02,W01,40,40,12 Feb 2025
PO-2025-00173,2025-02-05 00:00:00,P007,S03,W02,60,60,2025-02-14 00:00:00
PO-2025-00174,2025-02-05 00:00:00,P008,S03,W04,40,40,2025-02-15 00:00:00
PO-2025-00175,2025-02-05 00:00:00,P009,S03,W01,70,70,2025-02-17 00:00:00
PO-2025-00176,2025-02-05 00:00:00,P009,S03,W05,30,24,2025-02-13 00:00:00
PO-2025-00177,2025-02-05 00:00:00,P019,S07,W03,100,100,2025-02-11 00:00:00
PO-2025-00178,2025-02-05 00:00:00,P027,S08,W01,200,200,2025-02-13 00:00:00
PO-2025-00179,2025-02-06 00:00:00,P002,S01,W05,80,80,2025-02-26 00:00:00
PO-2025-00180,2025-02-06 00:00:00,P004,S01,W03,110,106,2025-02-23 00:00:00
PO-2025-00181,2025-02-06 00:00:00,P005,S01,W04,140,140,2025-02-23 00:00:00
PO-2025-00182,2025-02-06 00:00:00,P009,S03,W04,60,60,2025-02-17 00:00:00
PO-2025-00183,2025-02-07 00:00:00,P009,S03,W02,50,50,2025-02-25 00:00:00
PO-2025-00184,2025-02-07 00:00:00,P012,S03,W04,40,40,2025-02-17 00:00:00
PO-2025-00185,2025-02-07 00:00:00,P017,S06,W05,430,430,2025-02-18 00:00:00
PO-2025-00186,2025/02/07,P021,S06,W02,320,,2025-02-17 00:00:00
PO-2025-00187,2025-02-08 00:00:00,P001,s01,W04,120,120,20-02-2025
PO-2025-00188,2025-02-08 00:00:00,P004,S01,W01,140,140,2025-02-21 00:00:00
PO-2025-00189,2025-02-08 00:00:00,P014,S05,W05,270,270,2025-02-12 00:00:00
PO-2025-00190,2025-02-08 00:00:00,p015,S05,W04,220,220,2025-02-12 00:00:00
PO-2025-00191,2025-02-08 00:00:00,P020,S07,W04,320,320,2025-02-14 00:00:00
PO-2025-00192,2025-02-10 00:00:00,P002,S01,W01,60,60,2025-02-28 00:00:00
PO-2025-00193,2025-02-10 00:00:00,P008,S03,W02,60,66,2025-02-21 00:00:00
PO-2025-00194,2025-02-10 00:00:00,P010,S03,W03,90,90,2025-02-22 00:00:00
PO-2025-00195,2025-02-10 00:00:00,P016,S05,W04,220,220,2025-02-15 00:00:00
PO-2025-00196,2025-02-10 00:00:00,P017,S05,W04,220,201,2025-02-15 00:00:00
PO-2025-00197,10-02-2025,P-018,S05,W01,220,220,2025-02-13 00:00:00
PO-2025-00198,2025-02-10 00:00:00,P018,S06,W03,480,480,2025-02-16 00:00:00
PO-2025-00199,2025-02-10 00:00:00,P021,S07,W04,570,556,2025-02-22 00:00:00
PO-2025-00200,2025-02-10 00:00:00,P021,S07,W05,180,180,2025-02-17 00:00:00
PO-2025-00201,2025-02-10 00:00:00,P024,S06,W03,130,130,2025-02-16 00:00:00
PO-2025-00202,2025-02-10 00:00:00,P024,S07,W04,210,210,2025-02-14 00:00:00
PO-2025-00203,2025-02-10 00:00:00,P025,S08,W03,210,210,2025-02-26 00:00:00
PO-2025-00204,2025-02-10 00:00:00,P029,S08,W02,150,0,2025-02-18 00:00:00
PO-2025-00205,2025-02-11 00:00:00,P002,S02,W03,160,160,2025-02-17 00:00:00
PO-2025-00206,2025-02-11 00:00:00,P007,S03,W04,30,30,2025-02-20 00:00:00
PO-2025-00207,2025-02-11 00:00:00,P010,S03,W02,40,40,2025-02-22 00:00:00
PO-2025-00208,2025-02-11 00:00:00,P014,S06,W01,250,217,2025-02-22 00:00:00
PO-2025-00209,2025-02-11 00:00:00,P014,S05,W04,250,213,2025-02-16 00:00:00
PO-2025-00210,2025-02-11 00:00:00,P019,S07,W04,310,310,2025-02-19 00:00:00
PO-2025-00211,2025-02-11 00:00:00,P023,S07,W01,220,220,2025-02-18 00:00:00
PO-2025-00212,11-02-2025,P023,S06,W03,230,205,2025-02-22 00:00:00
PO-2025-00213,12-02-2025,P004,S01,W05,100,100,2025-03-08 00:00:00
PO-2025-00214,2025-02-12 00:00:00,P010,S03,W05,20,20,2025-03-09 00:00:00
PO-2025-00215,2025-02-12 00:00:00,P015,S05,W02,330,313,2025-02-20 00:00:00
PO-2025-00216,2025-02-12 00:00:00,P025,S08,W02,160,147,2025-02-21 00:00:00
PO-2025-00217,2025-02-12 00:00:00,P026,S02,W02,140,140,2025-02-19 00:00:00
PO-2025-00218,2025-02-13 00:00:00,P010,S03,W04,80,80,
PO-2025-00219,2025-02-13 00:00:00,P012,S04,W05,40,40,2025-02-23 00:00:00
PO-2025-00220,2025-02-13 00:00:00,P022,S07,W03,450,450,2025-02-19 00:00:00
PO-2025-00221,2025-02-13 00:00:00,P028,S08,W05,80,80,2025-02-20 00:00:00
PO-2025-00222,2025-02-13 00:00:00,P030,S08,W03,250,206,2025-02-23 00:00:00
PO-2025-00223,2025-02-14 00:00:00,P003,S02,W03,100,100,2025-02-23 00:00:00
PO-2025-00224,2025-02-14 00:00:00,P013,S06,W02,920,920,2025-02-21 00:00:00
PO-2025-00225,2025-02-14 00:00:00,P013,S05,W04,310,310,2025-02-20 00:00:00
PO-2025-00226,2025-02-14 00:00:00,P015,S05,W03,600,600,2025-02-17 00:00:00
PO-2025-00227,2025-02-14 00:00:00,P026,S08,W01,190,190,2025-02-21 00:00:00
PO-2025-00228,2025-02-14 00:00:00,P028,S02,W01,100,100,2025-02-18 00:00:00
PO-2025-00229,2025-02-15 00:00:00,P007,S03,W05,70,70,2025-02-25 00:00:00
PO-2025-00230,2025-02-15 00:00:00,P008,S03,W01,40,40,2025-03-06 00:00:00
PO-2025-00231,2025-02-15 00:00:00,P009,S03,W03,80,69,2025-02-26 00:00:00
PO-2025-00232,15/02/2025,P016,S06,W03,330,330,2025-02-21 00:00:00
PO-2025-00233,2025-02-15 00:00:00,P027,S02,W02,390,390,2025-02-23 00:00:00
PO-2025-00234,2025-02-17 00:00:00,P002,S01,W04,130,130,2025-03-01 00:00:00
PO-2025-00235,2025-02-17 00:00:00,P003,S02,W01,60,60,2025-02-25 00:00:00
PO-2025-00236,2025-02-17 00:00:00,P005,S01,W03,90,90,2025-03-05 00:00:00
PO-2025-00237,2025-02-17 00:00:00,P006,S01,W03,140,140,2025-03-05 00:00:00
PO-2025-00238,2025-02-17 00:00:00,P017,S05,W01,150,150,2025-02-22 00:00:00
PO-2025-00239,17-02-2025,P020,S07,W03,230,230,2025-03-02 00:00:00
PO-2025-00240,2025-02-17 00:00:00,P023,S07,W02,130,130,2025-02-21 00:00:00
PO-2025-00241,2025-02-17 00:00:00,P024,S07,W05,160,160,2025-02-27 00:00:00
PO-2025-00242,2025-02-17 00:00:00,P-027,S08,W05,90,90,2025-03-03 00:00:00
PO-2025-00243,2025-02-17 00:00:00,P028,S08,W03,230,230,2025-02-25 00:00:00
PO-2025-00244,2025-02-17 00:00:00,P029,S08,W01,130,130,25/02/2025
PO-2025-00245,2025-02-17 00:00:00,P030,S08,W01,180,153,2025-02-26 00:00:00
PO-2025-00246,2025-02-17 00:00:00,P030,S08,W04,170,170,2025-02-25 00:00:00
PO-2025-00247,2025-02-18 00:00:00,P006,S01,W04,100,91,2025-03-08 00:00:00
PO-2025-00248,2025-02-18 00:00:00,P011,S03,W05,60,60,2025-02-26 00:00:00
PO-2025-00249,2025-02-18 00:00:00,P016,S05,W01,340,340,2025-02-25 00:00:00
PO-2025-00250,2025-02-18 00:00:00,P016,S05,W05,420,420,2025-02-21 00:00:00
PO-2025-00251,2025-02-18 00:00:00,P017,S06,W03,360,360,24-02-2025
PO-2025-00252,2025-02-18 00:00:00,P022,S06,W01,370,370,2025-03-01 00:00:00
PO-2025-00253,2025-02-18 00:00:00,P022,S07,W05,240,240,2025-02-25 00:00:00
PO-2025-00254,2025-02-19 00:00:00,P011,S03,W04,40,40,2025-03-02 00:00:00
PO-2025-00255,2025-02-19 00:00:00,P019,S06,W05,210,210,2025-02-26 00:00:00
PO-2025-00256,2025-02-19 00:00:00,P020,S07,W02,250,250,
PO-2025-00257,19-Feb-25,P024,S07,W01,150,150,2025-02-24 00:00:00
PO-2025-00258,2025-02-19 00:00:00,P024,S07,W02,250,250,2025-02-26 00:00:00
PO-2025-00259,2025-02-19 00:00:00,P028,S08,W04,180,180,2025-02-24 00:00:00
PO-2025-00260,2025-02-20 00:00:00,P001,S01,W01,120,120,2025-03-11 00:00:00
PO-2025-00261,2025-02-20 00:00:00,P-008,S03,W03,40,40,2025-03-03 00:00:00
PO-2025-00262,2025-02-20 00:00:00,P012,S03,W04,40,40,03-03-2025
PO-2025-00263,2025-02-20 00:00:00,P022,S07,W04,250,250,2025-02-28 00:00:00
PO-2025-00264,2025-02-21 00:00:00,P001,S01,W02,160,160,2025-03-09 00:00:00
PO-2025-00265,2025-02-21 00:00:00,P015,S05,W05,260,260,2025-02-24 00:00:00
PO-2025-00266,2025-02-22 00:00:00,P001,S99,W05,70,70,2025-03-24 00:00:00
PO-2025-00267,2025-02-22 00:00:00,P005,S02,W05,100,100,2025-03-01 00:00:00
PO-2025-00268,2025-02-22 00:00:00,P018,S05,W02,540,540,2025-02-25 00:00:00
PO-2025-00269,2025-02-22 00:00:00,P018,S05,W05,350,350,2025-02-26 00:00:00
PO-2025-00270,2025-02-22 00:00:00,P023,S07,W05,170,170,2025-03-03 00:00:00
PO-2025-00271,2025-02-22 00:00:00,P026,S08,W03,130,130,2025-03-02 00:00:00
PO-2025-00272,2025-02-22 00:00:00,P029,S08,W04,200,200,2025-03-01 00:00:00
PO-2025-00273,2025-02-24 00:00:00,P005,S02,W02,140,140,2025-03-04 00:00:00
PO-2025-00274,2025-02-24 00:00:00,P006,S02,W02,80,80,2025-03-02 00:00:00
PO-2025-00275,2025-02-24 00:00:00,P008,S03,W05,60,60,2025-03-06 00:00:00
PO-2025-00276,2025-02-24 00:00:00,P015,S05,W01,690,690,02-03-2025
PO-2025-00277,2025-02-24 00:00:00,P020,S07,W05,270,257,
PO-2025-00278,2025-02-24 00:00:00,P021,S07,W01,240,240,2025-03-06 00:00:00
PO-2025-00279,24-02-2025,P025,S02,W01,190,190,2025-03-03 00:00:00
PO-2025-00280,2025-02-24 00:00:00,P025,S08,W05,250,250,2025-03-04 00:00:00
PO-2025-00281,2025-02-25 00:00:00,P010,S04,W02,40,40,09 Mar 2025
PO-2025-00282,2025-02-25 00:00:00,P019,S07,W01,400,400,2025-03-04 00:00:00
PO-2025-00283,2025-02-26 00:00:00,P004,S01,W04,150,150,2025-04-08 00:00:00
PO-2025-00284,2025-02-26 00:00:00,P011,S03,W02,50,50,2025-03-07 00:00:00
PO-2025-00285,26 Feb 2025,P011,S03,W03,40,40,2025-03-08 00:00:00
PO-2025-00286,2025-02-26 00:00:00,P013,S05,W05,270,270,2025-02-28 00:00:00
PO-2025-00287,2025-02-26 00:00:00,P014,S05,W05,270,0,2025-03-02 00:00:00
PO-2025-00288,2025-02-27 00:00:00,P004,S02,W03,110,110,2025-03-13 00:00:00
PO-2025-00289,27/02/2025,P005,S02,W01,60,60,2025-03-06 00:00:00
PO-2025-00290,2025-02-27 00:00:00,P006,S02,W05,90,90,2025-03-05 00:00:00
PO-2025-00291,2025-02-28 00:00:00,P014,S05,W04,250,250,2025-03-05 00:00:00
PO-2025-00292,2025-02-28 00:00:00,P019,S06,W02,390,362,2025-03-06 00:00:00
PO-2025-00293,2025-03-01 00:00:00,P003,S01,W01,60,60,2025-03-13 00:00:00
PO-2025-00294,2025-03-01 00:00:00,P011,S04,W01,70,70,2025-03-11 00:00:00
PO-2025-00295,2025-03-01 00:00:00,P014,S05,W01,250,225,2025-03-05 00:00:00
PO-2025-00296,2025-03-01 00:00:00,P018,S05,W04,320,279,2025-03-04 00:00:00
PO-2025-00297,2025-03-01 00:00:00,P025,S08,W04,140,140,2025-03-08 00:00:00
PO-2025-00298,2025-03-03 00:00:00,P003,S01,W02,140,140,2025-03-17 00:00:00
PO-2025-00299,2025-03-03 00:00:00,P007,S04,W02,60,60,2025-03-14 00:00:00
PO-2025-00300,2025-03-03 00:00:00,P016,S05,W03,330,330,06/03/2025
PO-2025-00301,2025-03-03 00:00:00,P024,S06,W03,130,143,2025-03-10 00:00:00
PO-2025-00302,2025-03-03 00:00:00,P024,S07,W04,210,210,2025-03-10 00:00:00
PO-2025-00303,2025-03-03 00:00:00,P027,S08,,200,170,2025-03-08 00:00:00
PO-2025-00304,2025-03-03 00:00:00,P027,S08,W04,270,247,2025-03-10 00:00:00
PO-2025-00305,04-03-2025,P008,S04,W04,40,40,2025-03-17 00:00:00
PO-2025-00306,2025-03-04 00:00:00,P018,S05,W01,220,184,2025-03-09 00:00:00
PO-2025-00307,2025-03-04 00:00:00,P019,S07,W03,100,100,2025-03-10 00:00:00
PO-2025-00308,2025-03-05 00:00:00,P011,S03,W04,40,40,2025-03-17 00:00:00
PO-2025-00309,2025-03-05 00:00:00,P029,S08,W02,150,150,2025-03-12 00:00:00
PO-2025-00310,2025-03-06 00:00:00,P009,S03,W05,30,30,2025-03-15 00:00:00
PO-2025-00311,06/03/2025,P017,S05,W02,410,410,2025-03-10 00:00:00
PO-2025-00312,2025-03-07 00:00:00,P004,S01,W01,140,117,2025-03-23 00:00:00
PO-2025-00313,2025-03-07 00:00:00,P006,S01,W01,40,40,2025-03-23 00:00:00
PO-2025-00314,2025-03-08 00:00:00,P005,S02,W04,140,140,2025-03-14 00:00:00
PO-2025-00315,2025-03-08 00:00:00,P011,S03,W05,60,60,2025-03-17 00:00:00
PO-2025-00316,2025-03-08 00:00:00,P017,S05,W03,360,346,
PO-2025-00317,2025-03-08 00:00:00,P018,S06,W03,480,409,2025-03-13 00:00:00
PO-2025-00318,2025-03-08 00:00:00,P028,S08,W01,100,100,24 Mar 2025
PO-2025-00319,2025-03-10 00:00:00,P004,S01,W05,100,100,2025/04/01
PO-2025-00320,2025-03-10 00:00:00,P021,S07,W02,320,257,2025-03-15 00:00:00
PO-2025-00321,2025-03-10 00:00:00,P024,S07,W02,250,250,2025-03-17 00:00:00
PO-2025-00322,2025-03-10 00:00:00,P025,S08,W03,210,210,2025-03-16 00:00:00
PO-2025-00323,2025-03-10 00:00:00,P028,S08,W02,320,320,2025-03-17 00:00:00
PO-2025-00324,2025-03-10 00:00:00,P028,S08,W05,80,80,2025-03-19 00:00:00
PO-2025-00325,2025-03-11 00:00:00,P015,S05,W02,330,330,2025-03-15 00:00:00
PO-2025-00326,2025-03-11 00:00:00,P025,S08,W02,160,160,2025-03-19 00:00:00
PO-2025-00327,2025-03-12 00:00:00,P008,S03,W01,40,34,2025-03-22 00:00:00
PO-2025-00328,2025-03-12 00:00:00,P008,S03,W02,60,60,2025-03-21 00:00:00
PO-2025-00329,2025-03-12 00:00:00,P030,S08,W03,250,250,2025-03-22 00:00:00
PO-2025-00330,2025-03-13 00:00:00,P009,S03,W02,50,50,23-03-2025
PO-2025-00331,2025-03-13 00:00:00,P009,S03,W03,80,80,2025-03-22 00:00:00
PO-2025-00332,2025-03-13 00:00:00,P014,S05,W05,270,234,2025-03-17 00:00:00
PO-2025-00333,2025-03-13 00:00:00,P019,S07,W04,310,310,2025-03-19 00:00:00
PO-2025-00334,2025-03-13 00:00:00,P021,S06,W04,570,570,2025-03-22 00:00:00
PO-2025-00335,2025-03-14 00:00:00,P017,S05,W04,220,220,2025-03-19 00:00:00
PO-2025-00336,2025-03-14 00:00:00,P026,S08,W02,140,140,2025-03-22 00:00:00
PO-2025-00337,2025-03-15 00:00:00,P002,S01,W02,260,260,
PO-2025-00338,2025-03-15 00:00:00,P002,S01,W04,130,130,2025-04-06 00:00:00
PO-2025-00339,2025-03-15 00:00:00,P011,S03,W03,40,40,2025-03-22 00:00:00
PO-2025-00340,2025-03-15 00:00:00,P023,S07,W02,130,130,2025-03-20 00:00:00
PO-2025-00340,2025-03-15 00:00:00,P023,S07,W02,130,130,2025-03-20 00:00:00
PO-2025-00341,2025-03-15 00:00:00,P023,S06,W03,230,230,2025-03-21 00:00:00
PO-2025-00342,2025-03-15 00:00:00,P023,S07,W05,170,170,2025-03-20 00:00:00
PO-2025-00343,2025-03-15 00:00:00,P024,S07,W05,160,160,2025-03-20 00:00:00
PO-2025-00344,2025-03-15 00:00:00,P026,S08,W03,130,106,2025-03-23 00:00:00
PO-2025-00345,2025-03-15 00:00:00,P029,S08,W01,130,105,2025-03-23 00:00:00
PO-2025-00346,2025-03-17 00:00:00,P001,S01,W03,100,100,2025-04-05 00:00:00
PO-2025-00347,2025-03-17 00:00:00,P002,S01,W05,80,80,2025-04-08 00:00:00
PO-2025-00348,2025-03-17 00:00:00,P007,S03,W04,30,30,2025-03-30 00:00:00
PO-2025-00349,2025-03-17 00:00:00,P009,S03,W04,60,60,2025-03-27 00:00:00
PO-2025-00350,2025-03-17 00:00:00,P013,S05,W04,310,310,2025-03-21 00:00:00
PO-2025-00351,2025-03-17 00:00:00,P017,S05,W01,150,150,2025-03-24 00:00:00
PO-2025-00352,2025-03-17 00:00:00,P017,S05,W05,430,430,2025-03-21 00:00:00
PO-2025-00353,2025-03-17 00:00:00,P019,S07,W05,210,231,25-Mar-25
PO-2025-00354,17-03-2025,P023,S07,W01,220,220,2025-03-23 00:00:00
PO-2025-00355,2025-03-17 00:00:00,P024,S07,W01,150,150,2025-03-22 00:00:00
PO-2025-00356,17-03-2025,P024,S07,W03,130,130,22-03-2025
PO-2025-00357,2025-03-17 00:00:00,P027,S08,W02,390,390,2025-03-25 00:00:00
PO-2025-00358,2025-03-17 00:00:00,P027,S02,W05,90,90,2025-03-24 00:00:00
PO-2025-00359,2025-03-18 00:00:00,P020,S07,W04,320,320,2025-03-23 00:00:00
PO-2025-00360,2025-03-19 00:00:00,P006,S01,W02,80,80,2025-04-05 00:00:00
PO-2025-00361,2025-03-19 00:00:00,P011,S03,W01,70,70,2025-03-29 00:00:00
PO-2025-00362,2025-03-19 00:00:00,P012,S03,W04,40,40,2025-03-29 00:00:00
PO-2025-00362,2025-03-19 00:00:00,P012,S03,W04,40,40,2025-03-29 00:00:00
PO-2025-00363,2025-03-19 00:00:00,P014,S05,W04,250,250,2025-03-24 00:00:00
PO-2025-00364,2025-03-19 00:00:00,P016,S05,W03,330,330,2025-03-23 00:00:00
PO-2025-00365,2025-03-19 00:00:00,P024,S07,W04,210,210,23-03-2025
PO-2025-00366,2025-03-20 00:00:00,P004,S01,W03,110,110,2025-04-08 00:00:00
PO-2025-00367,2025-03-20 00:00:00,P011,S04,W02,50,50,2025-04-04 00:00:00
PO-2025-00368,2025-03-20 00:00:00,P015,S05,W04,220,220,2025-03-25 00:00:00
PO-2025-00369,2025-03-20 00:00:00,P016,S05,W01,340,340,2025-03-25 00:00:00
PO-2025-00370,2025-03-20 00:00:00,P016,S05,W04,220,220,2025-03-25 00:00:00
PO-2025-00371,2025-03-21 00:00:00,P002,S02,W03,160,160,2025-03-28 00:00:00
PO-2025-00372,21 Mar 2025,P005,S02,W01,60,60,2025-04-04 00:00:00
PO-2025-00373,2025-03-21 00:00:00,P005,S01,W02,140,140,2025-04-04 00:00:00
PO-2025-00374,2025-03-21 00:00:00,P012,S04,W01,60,60,2025-04-01 00:00:00
PO-2025-00375,2025-03-21 00:00:00,P014,S05,W01,250,250,2025-03-26 00:00:00
PO-2025-00376,2025-03-21 00:00:00,P021,S07,W05,180,180,2025-03-26 00:00:00
PO-2025-00377,2025-03-21 00:00:00,P022,S07,W03,450,450,2025-03-28 00:00:00
PO-2025-00378,22-03-2025,P001,S01,W04,120,120,2025-04-10 00:00:00
PO-2025-00379,2025-03-22 00:00:00,P001,S01,W05,70,70,2025-04-09 00:00:00
PO-2025-00380,2025-03-22 00:00:00,P003,S02,W01,60,60,29-03-2025
PO-2025-00381,2025-03-22 00:00:00,P005,S01,W05,100,88,
PO-2025-00382,2025-03-22 00:00:00,P016,S06,W05,420,,2025-03-28 00:00:00
PO-2025-00383,2025-03-22 00:00:00,P019,S07,W02,390,390,2025-03-27 00:00:00
PO-2025-00384,2025-03-22 00:00:00,P022,S07,W04,250,250,2025-03-31 00:00:00
PO-2025-00385,2025-03-22 00:00:00,P022,S07,W05,240,240,2025-03-28 00:00:00
PO-2025-00386,2025-03-24 00:00:00,P006,S01,W03,140,140,2025-04-13 00:00:00
PO-2025-00387,2025-03-24 00:00:00,P006,S01,W05,90,90,2025-04-13 00:00:00
PO-2025-00388,2025-03-24 00:00:00,P008,S03,W03,40,40,2025-04-02 00:00:00
PO-2025-00389,2025-03-24 00:00:00,P010,S03,W05,20,20,2025-04-02 00:00:00
PO-2025-00390,2025-03-24 00:00:00,P015,S05,W03,600,600,27-03-2025
PO-2025-00391,2025-03-24 00:00:00,P018,S05,W01,220,220,2025-03-27 00:00:00
PO-2025-00392,2025-03-25 00:00:00,P006,S01,W04,100,100,2025-04-10 00:00:00
PO-2025-00393,25-03-2025,P011,S03,W04,40,32,04 Apr 2025
PO-2025-00394,2025-03-25 00:00:00,P012,S04,W05,40,40,2025-04-06 00:00:00
PO-2025-00395,2025-03-25 00:00:00,P017,S06,W03,360,360,2025-04-01 00:00:00
PO-2025-00396,2025-03-25 00:00:00,P027,s08,W04,270,270,2025-04-03 00:00:00
PO-2025-00397,2025-03-26 00:00:00,P001,S01,W02,160,137,2025-04-13 00:00:00
PO-2025-00398,2025-03-26 00:00:00,P003,S01,W02,140,140,2025-04-13 00:00:00
PO-2025-00399,2025-03-26 00:00:00,P-020,S07,W02,250,244,2025-04-01 00:00:00
PO-2025-00400,2025-03-26 00:00:00,P030,S08,W01,180,180,2025-04-07 00:00:00
PO-2025-00401,2025-03-27 00:00:00,P013,S05,W05,270,270,2025-03-31 00:00:00
PO-2025-00402,27-03-2025,P026,S08,W01,190,190,
PO-2025-00403,2025-03-27 00:00:00,P028,S08,W01,100,89,2025-04-03 00:00:00
PO-2025-00404,2025-03-28 00:00:00,P005,S01,W03,90,90,2025-04-15 00:00:00
PO-2025-00405,2025-03-28 00:00:00,P011,S03,W05,60,60,2025-04-07 00:00:00
PO-2025-00406,2025-03-28 00:00:00,P026,S08,W03,130,130,2025-04-04 00:00:00
PO-2025-00407,2025-03-28 00:00:00,P028,S08,W05,80,71,2025-04-05 00:00:00
PO-2025-00408,2025-03-29 00:00:00,P005,S02,W04,140,154,2025-04-04 00:00:00
PO-2025-00409,2025-03-29 00:00:00,P009,S04,W01,70,70,2025-04-11 00:00:00
PO-2025-00410,2025-03-29 00:00:00,P013,S05,W02,920,920,2025-04-02 00:00:00
PO-2025-00411,2025-03-29 00:00:00,P018,S05,W02,540,540,2025-04-02 00:00:00
PO-2025-00412,2025-03-29 00:00:00,P027,S08,W01,200,173,2025-04-07 00:00:00
PO-2025-00413,2025-03-29 00:00:00,P028,S08,W03,230,230,2025-04-15 00:00:00
PO-2025-00414,2025-03-31 00:00:00,P004,S01,W01,140,140,2025-03-26 00:00:00
PO-2025-00415,2025-03-31 00:00:00,P006,S01,W01,40,32,2025-04-17 00:00:00
PO-2025-00416,2025-03-31 00:00:00,P007,S04,W05,70,70,2025-04-14 00:00:00
PO-2025-00417,2025-03-31 00:00:00,P008,S03,W04,40,40,2025-04-10 00:00:00
PO-2025-00418,2025-03-31 00:00:00,P008,S03,W05,60,60,2025-04-11 00:00:00
PO-2025-00419,31 Mar 2025,P014,S05,W05,270,270,2025-04-02 00:00:00
PO-2025-00420,2025-03-31 00:00:00,P018,S05,W03,480,480,2025-04-04 00:00:00
PO-2025-00421,2025-03-31 00:00:00,P019,S07,W03,100,100,2025-04-07 00:00:00
PO-2025-00422,2025-03-31 00:00:00,P020,S07,W05,270,229,2025-04-06 00:00:00
PO-2025-00423,2025-03-31 00:00:00,P024,S06,W02,250,250,2025-04-06 00:00:00
PO-2025-00424,2025-03-31 00:00:00,P025,S02,W04,140,140,2025-04-08 00:00:00
PO-2025-00425,2025-03-31 00:00:00,P025,S08,W05,250,250,2025-04-07 00:00:00
PO-2025-00426,2025-03-31 00:00:00,P029,S08,W02,150,150,2025-04-09 00:00:00
PO-2025-00427,2025-03-31 00:00:00,P029,S08,W04,200,200,2025-04-08 00:00:00
PO-2025-00428,2025-04-01 00:00:00,P009,S04,W02,50,50,12-04-2025
PO-2025-00429,2025-04-01 00:00:00,P009,S03,W05,30,30,2025-04-12 00:00:00
PO-2025-00430,2025-04-01 00:00:00,P023,S07,W02,130,130,2025-04-13 00:00:00
PO-2025-00431,2025-04-01 00:00:00,P025,S08,W01,190,190,2025-04-08 00:00:00
PO-2025-00432,2025-04-01 00:00:00,P028,S08,W04,180,161,2025-04-10 00:00:00
PO-2025-00433,2025-04-02 00:00:00,P007,S03,,30,30,2025-04-12 00:00:00
PO-2025-00434,2025-04-02 00:00:00,P011,S03,W03,40,40,2025-04-10 00:00:00
PO-2025-00435,2025-04-02 00:00:00,P015,S05,W05,260,260,2025-04-05 00:00:00
PO-2025-00436,2025-04-02 00:00:00,P021,S07,W01,240,240,2025-04-09 00:00:00
PO-2025-00437,2025-04-03 00:00:00,P002,S01,W04,130,130,2025-05-13 00:00:00
PO-2025-00438,2025-04-03 00:00:00,P007,S03,W02,60,60,2025-04-14 00:00:00
PO-2025-00439,2025-04-03 00:00:00,P016,S05,W03,330,330,2025-04-08 00:00:00
PO-2025-00440,2025-04-03 00:00:00,P023,S07,W05,170,147,2025-04-09 00:00:00
PO-2025-00441,2025-04-03 00:00:00,P024,S07,W03,130,130,2025-04-08 00:00:00
PO-2025-00442,2025-04-03 00:00:00,P030,S08,W04,170,187,2025-04-11 00:00:00
PO-2025-00443,2025-04-04 00:00:00,P019,S06,W01,400,400,2025-04-15 00:00:00
PO-2025-00444,2025-04-05 00:00:00,P001,S02,W01,120,120,2025-04-11 00:00:00
PO-2025-00445,2025-04-05 00:00:00,P003,S01,W03,100,94,2025-05-14 00:00:00
PO-2025-00446,2025-04-05 00:00:00,P008,S03,W01,40,40,2025-04-13 00:00:00
PO-2025-00447,2025-04-05 00:00:00,P015,S06,W01,690,616,2025-04-12 00:00:00
PO-2025-00448,2025-04-05 00:00:00,P020,S07,W03,230,230,2025-04-11 00:00:00
PO-2025-00449,2025-04-05 00:00:00,P021,S07,W02,320,320,2025-04-11 00:00:00
PO-2025-00450,2025-04-05 00:00:00,P025,S08,W03,210,210,2025-04-12 00:00:00
PO-2025-00451,2025-04-07 00:00:00,P010,S03,W03,90,90,2025-04-20 00:00:00
PO-2025-00452,2025-04-07 00:00:00,P011,S04,W02,50,0,2025-04-19 00:00:00
PO-2025-00453,2025-04-07 00:00:00,P011,S03,W04,40,40,2025-04-17 00:00:00
PO-2025-00454,2025-04-07 00:00:00,P014,S05,W04,250,0,2025-04-10 00:00:00
PO-2025-00455,2025-04-07 00:00:00,P018,S05,W05,350,350,2025-04-10 00:00:00
PO-2025-00456,2025-04-07 00:00:00,P022,S07,W01,370,370,2025-04-14 00:00:00
PO-2025-00457,2025-04-07 00:00:00,P024,S06,W05,160,160,2025-04-11 00:00:00
PO-2025-00458,2025-04-08 00:00:00,P011,S03,W01,70,77,2025-04-18 00:00:00
PO-2025-00459,08 Apr 2025,P011,S04,W05,60,60,2025-04-18 00:00:00
PO-2025-00460,2025-04-08 00:00:00,P012,S03,W04,40,40,2025-04-19 00:00:00
PO-2025-00461,2025-04-08 00:00:00,P026,S08,W02,140,140,2025-04-15 00:00:00
PO-2025-00462,2025-04-08 00:00:00,P030,S08,W03,250,250,2025-04-16 00:00:00
PO-2025-00463,2025-04-09 00:00:00,P008,S03,W02,60,60,2025-04-28 00:00:00
PO-2025-00464,2025-04-09 00:00:00,P010,S03,W02,40,40,2025-04-19 00:00:00
PO-2025-00465,2025-04-09 00:00:00,P017,S05,W01,150,150,2025-04-12 00:00:00
PO-2025-00466,2025-04-09 00:00:00,P024,S07,W04,210,177,2025-04-16 00:00:00
PO-2025-00467,2025-04-09 00:00:00,P027,S02,W05,90,90,2025-04-05 00:00:00
PO-2025-00468,2025-04-10 00:00:00,P004,S01,W05,100,100,2025-04-25 00:00:00
PO-2025-00469,2025-04-10 00:00:00,P018,s05,W04,320,320,15/04/2025
PO-2025-00470,2025-04-10 00:00:00,P019,S07,W04,310,310,2025-04-15 00:00:00
PO-2025-00471,2025-04-11 00:00:00,P002,S01,W01,60,60,2025-04-30 00:00:00
PO-2025-00472,2025-04-11 00:00:00,P025,S08,W02,160,160,2025-04-20 00:00:00
PO-2025-00473,2025-04-11 00:00:00,P029,S08,W01,130,130,2025-04-25 00:00:00
PO-2025-00474,2025-04-12 00:00:00,P003,S01,W01,60,60,2025-04-30 00:00:00
PO-2025-00475,2025-04-12 00:00:00,P006,S01,W02,80,80,2025-04-30 00:00:00
PO-2025-00476,2025-04-12 00:00:00,P009,S03,W03,80,80,2025-04-22 00:00:00
PO-2025-00477,2025-04-12 00:00:00,P012,S03,W05,40,40,2025-04-27 00:00:00
PO-2025-00478,2025-04-12 00:00:00,P013,S05,W04,310,310,2025-04-17 00:00:00
PO-2025-00479,2025-04-12 00:00:00,P019,S07,W02,390,390,19-04-2025
PO-2025-00480,2025-04-12 00:00:00,P019,S07,W05,210,210,2025-04-19 00:00:00
PO-2025-00481,12-04-2025,P028,S02,W01,100,100,18 Apr 2025
PO-2025-00482,2025-04-12 00:00:00,P028,S08,W02,320,320,2025-04-21 00:00:00
PO-2025-00483,2025-04-12 00:00:00,P028,S08,W05,80,80,2025-04-20 00:00:00
PO-2025-00484,2025-04-14 00:00:00,P001,S02,W05,70,70,2025-04-21 00:00:00
PO-2025-00485,2025-04-14 00:00:00,P004,S01,W03,110,110,2025-04-28 00:00:00
PO-2025-00486,2025-04-14 00:00:00,P011,S03,W03,40,40,2025-04-22 00:00:00
PO-2025-00487,2025-04-14 00:00:00,P014,S05,W01,250,250,2025-04-18 00:00:00
PO-2025-00488,2025-04-14 00:00:00,P017,S05,W02,410,410,2025-04-22 00:00:00
PO-2025-00489,2025-04-14 00:00:00,P018,S05,W01,220,220,2025-04-18 00:00:00
PO-2025-00490,2025-04-14 00:00:00,P021,S07,W04,570,570,2025-04-26 00:00:00
PO-2025-00491,2025-04-14 00:00:00,P024,S07,W01,150,150,2025-04-21 00:00:00
PO-2025-00492,2025-04-14 00:00:00,P026,S08,W03,130,115,2025-04-24 00:00:00
PO-2025-00493,2025-04-15 00:00:00,P015,S05,W02,330,330,04/22/2025
PO-2025-00494,2025-04-15 00:00:00,P023,S07,W03,230,230,2025-04-21 00:00:00
PO-2025-00495,2025-04-15 00:00:00,P027,S02,W02,390,390,2025-04-30 00:00:00
PO-2025-00496,16/04/2025,P008,S04,W03,40,40,2025-04-29 00:00:00
PO-2025-00497,2025-04-17 00:00:00,P006,S01,W01,40,33,2025-05-07 00:00:00
PO-2025-00498,2025-04-17 00:00:00,P014,S05,W05,270,270,2025-04-20 00:00:00
PO-2025-00498,2025-04-17 00:00:00,P014,S05,W05,270,270,2025-04-20 00:00:00
PO-2025-00499,2025-04-17 00:00:00,P016,S05,W01,340,287,23-04-2025
PO-2025-00500,2025-04-17 00:00:00,P016,S05,W03,330,330,2025-04-20 00:00:00
PO-2025-00501,2025-04-17 00:00:00,p017,S05,W03,360,360,2025-04-21 00:00:00
PO-2025-00502,2025-04-17 00:00:00,P017,S05,W05,430,430,2025-04-22 00:00:00
PO-2025-00503,2025-04-18 00:00:00,P006,S02,W03,140,140,2025-04-25 00:00:00
PO-2025-00504,2025-04-18 00:00:00,P008,S04,,40,40,2025-05-03 00:00:00
PO-2025-00505,2025-04-18 00:00:00,P022,S07,W04,250,250,2025-04-26 00:00:00
PO-2025-00506,2025-04-19 00:00:00,P010,S04,W04,80,80,2025-04-30 00:00:00
PO-2025-00507,2025-04-19 00:00:00,P016,S05,W05,420,420,2025-04-23 00:00:00
PO-2025-00508,2025-04-19 00:00:00,P021,S07,W05,180,180,2025-04-25 00:00:00
PO-2025-00509,2025-04-21 00:00:00,P003,S01,W02,140,140,2025-05-11 00:00:00
PO-2025-00510,2025-04-21 00:00:00,P005,S01,W01,60,60,2025-05-06 00:00:00
PO-2025-00511,2025-04-21 00:00:00,P006,S02,W05,90,90,2025-04-28 00:00:00
PO-2025-00512,2025-04-21 00:00:00,P009,S04,W04,60,60,2025-05-05 00:00:00
PO-2025-00513,2025-04-21 00:00:00,P011,S04,W04,40,40,2025-05-03 00:00:00
PO-2025-00514,2025-04-21 00:00:00,P011,S04,W05,60,60,2025-05-02 00:00:00
PO-2025-00515,2025-04-21 00:00:00,P015,S05,W04,220,220,2025-04-26 00:00:00
PO-2025-00516,2025-04-21 00:00:00,P023,S07,W01,220,220,2025-04-27 00:00:00
PO-2025-00517,2025-04-21 00:00:00,P023,S06,W05,170,170,2025-05-04 00:00:00
PO-2025-00518,2025-04-21 00:00:00,P024,S07,W03,130,130,2025-04-27 00:00:00
PO-2025-00519,2025-04-22 00:00:00,P002,S01,W03,160,160,2025-05-10 00:00:00
PO-2025-00520,2025-04-22 00:00:00,P005,S01,W02,140,140,2025-05-06 00:00:00
PO-2025-00521,2025-04-22 00:00:00,P006,S01,W04,100,100,2025-05-08 00:00:00
PO-2025-00522,2025-04-22 00:00:00,P025,S02,W04,140,140,2025-04-30 00:00:00
PO-2025-00523,2025-04-23 00:00:00,P011,S03,W01,70,70,2025-05-04 00:00:00
PO-2025-00524,2025-04-23 00:00:00,P024,S07,W04,210,210,2025-04-27 00:00:00
PO-2025-00525,2025-04-23 00:00:00,P029,S02,W02,150,150,2025-04-29 00:00:00
PO-2025-00526,2025/04/24,P009,S04,W02,50,50,2025-05-06 00:00:00
PO-2025-00527,2025-04-24 00:00:00,P011,S03,W02,50,40,2025-05-05 00:00:00
PO-2025-00528,2025-04-24 00:00:00,P014,S05,W04,250,250,2025-04-28 00:00:00
PO-2025-00529,2025-04-24 00:00:00,P017,S06,W04,220,220,2025-04-29 00:00:00
PO-2025-00530,2025-04-24 00:00:00,P024,S07,W02,250,207,2025-05-01 00:00:00
PO-2025-00531,2025-04-24 00:00:00,P025,S08,W05,250,212,2025-05-03 00:00:00
PO-2025-00532,2025-04-25 00:00:00,P004,S01,W04,150,132,2025-05-16 00:00:00
PO-2025-00533,2025-04-25 00:00:00,P015,S05,W03,600,517,2025-04-30 00:00:00
PO-2025-00534,2025-04-25 00:00:00,P020,S07,W02,250,231,2025-05-01 00:00:00
PO-2025-00535,2025-04-25 00:00:00,P020,S07,W04,320,320,2025-05-04 00:00:00
PO-2025-00536,2025-04-26 00:00:00,P001,S01,W02,160,133,2025-05-15 00:00:00
PO-2025-00537,2025-04-26 00:00:00,P001,S01,W03,100,83,2025-05-29 00:00:00
PO-2025-00538,2025-04-26 00:00:00,P019,S07,W03,100,100,2025-05-03 00:00:00
PO-2025-00539,2025-04-26 00:00:00,P022,S07,W05,240,240,2025-05-02 00:00:00
PO-2025-00540,2025-04-26 00:00:00,P027,S08,W01,200,200,2025-05-03 00:00:00
PO-2025-00541,2025-04-26 00:00:00,P027,S02,W04,270,270,2025-05-03 00:00:00
PO-2025-00542,2025-04-26 00:00:00,P029,S08,W04,200,200,2025-05-02 00:00:00
PO-2025-00543,2025-04-28 00:00:00,P001,S01,W04,120,120,15 May 2025
PO-2025-00544,2025-04-28 00:00:00,P002,S01,W04,130,130,2025-05-20 00:00:00
PO-2025-00545,2025-04-28 00:00:00,P002,S02,W05,80,80,2025-05-05 00:00:00
PO-2025-00546,2025-04-28 00:00:00,P011,S03,W03,40,40,2025-05-05 00:00:00
PO-2025-00547,2025-04-28 00:00:00,P013,S06,W05,270,270,2025-05-03 00:00:00
PO-2025-00548,2025-04-28 00:00:00,P022,S06,W03,450,450,2025-05-04 00:00:00
PO-2025-00549,2025-04-28 00:00:00,P023,S07,W02,130,130,2025-05-10 00:00:00
PO-2025-00550,2025-04-28 00:00:00,P026,S02,W01,190,190,06-05-2025
PO-2025-00551,2025-04-28 00:00:00,P027,S08,W05,90,90,2025-05-04 00:00:00
PO-2025-00552,2025-04-29 00:00:00,P024,S07,W05,160,160,2025-05-05 00:00:00
PO-2025-00553,2025-04-29 00:00:00,P028,S08,W03,230,230,2025-05-07 00:00:00
PO-2025-00554,2025-04-30 00:00:00,P009,S03,W01,70,70,2025-05-09 00:00:00
PO-2025-00555,2025-04-30 00:00:00,P018,S05,W02,540,540,2025-05-02 00:00:00
PO-2025-00556,2025-05-01 00:00:00,P001,S02,W05,70,70,2025-05-10 00:00:00
PO-2025-00557,2025-05-01 00:00:00,P004,S01,W05,100,100,2025-05-18 00:00:00
PO-2025-00558,2025-05-01 00:00:00,P016,S06,W03,330,330,2025-05-06 00:00:00
PO-2025-00559,2025-05-01 00:00:00,P018,S05,W03,480,480,2025-05-05 00:00:00
PO-2025-00560,2025-05-02 00:00:00,P005,S01,W05,100,100,2025-05-24 00:00:00
PO-2025-00561,2025-05-02 00:00:00,P006,S01,W02,80,74,2025-05-20 00:00:00
PO-2025-00562,2025-05-02 00:00:00,P020,S07,W05,270,270,2025-05-08 00:00:00
PO-2025-00563,2025-05-02 00:00:00,P028,S08,W05,80,80,2025-05-10 00:00:00
PO-2025-00564,2025-05-03 00:00:00,P007,S04,W04,30,30,2025-05-16 00:00:00
PO-2025-00565,2025-05-03 00:00:00,P014,S05,W01,250,250,2025-05-07 00:00:00
PO-2025-00566,2025-05-03 00:00:00,P014,S06,W05,270,270,2025-05-11 00:00:00
PO-2025-00567,2025-05-03 00:00:00,P016,S05,W04,220,220,2025-05-09 00:00:00
PO-2025-00568,2025-05-03 00:00:00,P017,S05,W01,150,150,2025-05-07 00:00:00
PO-2025-00569,2025-05-03 00:00:00,P026,S08,W03,130,130,2025-05-18 00:00:00
PO-2025-00570,2025-05-03 00:00:00,P030,S08,W03,250,250,2025-05-11 00:00:00
PO-2025-00571,2025-05-05 00:00:00,P002,S01,W02,260,260,
PO-2025-00572,2025-05-05 00:00:00,P003,S01,W01,60,60,2025-05-20 00:00:00
PO-2025-00573,2025-05-05 00:00:00,P005,S01,W04,140,140,24/05/2025
PO-2025-00574,2025-05-05 00:00:00,P008,S03,W05,60,60,2025-05-15 00:00:00
PO-2025-00575,2025-05-05 00:00:00,P021,S07,W01,240,240,2025-05-11 00:00:00
PO-2025-00576,2025/05/05,P025,S02,W02,160,160,2025-05-13 00:00:00
PO-2025-00577,2025-05-05 00:00:00,P025,S08,W03,210,187,2025-05-11 00:00:00
PO-2025-00578,2025-05-05 00:00:00,P028,S08,W01,100,100,2025-05-19 00:00:00
PO-2025-00579,2025-05-05 00:00:00,P028,S08,W04,180,180,2025-05-14 00:00:00
PO-2025-00580,2025-05-05 00:00:00,P030,S08,W04,170,170,2025-05-12 00:00:00
PO-2025-00581,2025-05-06 00:00:00,P004,S01,W03,110,110,2025-05-21 00:00:00
PO-2025-00582,2025-05-06 00:00:00,P009,S03,W05,30,28,2025-05-17 00:00:00
PO-2025-00583,2025-05-06 00:00:00,P011,S03,W03,40,40,2025-05-18 00:00:00
PO-2025-00584,2025-05-06 00:00:00,P013,S05,W02,920,920,2025-05-12 00:00:00
PO-2025-00585,2025-05-06 00:00:00,P017,S05,W03,360,295,2025-05-10 00:00:00
PO-2025-00586,2025-05-06 00:00:00,P026,S08,W02,140,140,2025-05-16 00:00:00
PO-2025-00587,2025-05-06 00:00:00,P030,S08,W01,180,174,2025-05-13 00:00:00
PO-2025-00588,2025-05-07 00:00:00,P004,S01,W01,140,140,2025-05-25 00:00:00
PO-2025-00589,2025-05-07 00:00:00,P006,S01,W01,40,40,2025-05-23 00:00:00
PO-2025-00590,2025-05-07 00:00:00,P008,S03,W01,40,40,2025-05-18 00:00:00
PO-2025-00591,2025-05-07 00:00:00,P011,S04,W02,50,50,2025-05-20 00:00:00
PO-2025-00592,2025-05-07 00:00:00,P011,S03,W05,60,60,2025-05-17 00:00:00
PO-2025-00593,2025-05-07 00:00:00,P018,S05,W01,220,220,2025-05-11 00:00:00
PO-2025-00594,2025-05-07 00:00:00,P024,S06,W01,150,150,2025-05-14 00:00:00
PO-2025-00595,2025-05-07 00:00:00,P024,S06,W03,130,130,2025-05-13 00:00:00
PO-2025-00596,2025-05-08 00:00:00,P003,S01,W02,140,140,2025-05-24 00:00:00
PO-2025-00597,2025-05-08 00:00:00,P013,S05,W04,310,310,2025-05-10 00:00:00
PO-2025-00598,2025-05-09 00:00:00,P012,S03,W01,60,60,2025-05-27 00:00:00
PO-2025-00599,2025-05-09 00:00:00,P014,S05,W04,250,250,2025-05-14 00:00:00
PO-2025-00600,2025-05-09 00:00:00,P016,S05,W01,340,340,05/13/2025
PO-2025-00601,2025-05-09 00:00:00,P024,S07,W02,250,250,2025-05-16 00:00:00
PO-2025-00602,2025-05-10 00:00:00,P007,S03,W02,60,60,21/05/2025
PO-2025-00603,2025-05-10 00:00:00,P015,S05,W05,260,260,2025-05-12 00:00:00
PO-2025-00604,2025-05-10 00:00:00,P018,S05,W04,320,320,2025-05-14 00:00:00
PO-2025-00605,2025-05-10 00:00:00,P019,S06,W02,390,390,2025-05-17 00:00:00
PO-2025-00606,2025-05-10 00:00:00,P019,S07,W05,210,183,2025-05-15 00:00:00
PO-2025-00607,2025-05-10 00:00:00,P024,S06,W04,210,186,2025-05-19 00:00:00
PO-2025-00608,2025-05-10 00:00:00,P029,S08,W01,130,130,2025-05-17 00:00:00
PO-2025-00609,2025-05-12 00:00:00,P007,S03,W05,70,70,2025-05-20 00:00:00
PO-2025-00610,12-05-2025,P011,S04,W04,40,40,2025-05-22 00:00:00
PO-2025-00611,2025-05-12 00:00:00,P019,S07,W01,400,348,2025-05-19 00:00:00
PO-2025-00612,2025-05-12 00:00:00,P019,S07,W04,310,310,2025-05-17 00:00:00
PO-2025-00613,2025-05-12 00:00:00,P021,S07,W02,320,320,2025-05-18 00:00:00
PO-2025-00614,2025-05-12 00:00:00,P029,S02,W02,150,150,2025-05-20 00:00:00
PO-2025-00615,2025-05-13 00:00:00,P015,S05,W01,690,690,2025-05-16 00:00:00
PO-2025-00616,2025-05-14 00:00:00,P008,S03,W03,40,40,2025-05-24 00:00:00
PO-2025-00617,2025-05-15 00:00:00,P001,S01,W01,120,120,2025-06-03 00:00:00
PO-2025-00618,2025-05-15 00:00:00,P001,S01,W02,160,160,2025-06-04 00:00:00
PO-2025-00619,2025-05-15 00:00:00,P011,S03,W01,70,60,2025-05-24 00:00:00
PO-2025-00620,2025-05-15 00:00:00,P018,S06,W05,350,350,
PO-2025-00621,2025-05-15 00:00:00,P023,S07,W05,170,170,2025-05-24 00:00:00
PO-2025-00622,2025-05-15 00:00:00,P027,S08,W05,90,90,2025-05-23 00:00:00
PO-2025-00623,2025-05-16 00:00:00,P003,S01,W03,100,100,2025-05-30 00:00:00
PO-2025-00624,2025-05-16 00:00:00,P006,S02,W03,140,140,2025-05-23 00:00:00
PO-2025-00625,2025-05-16 00:00:00,P008,S03,W04,40,40,2025-05-28 00:00:00
PO-2025-00626,2025-05-16 00:00:00,P009,S03,W02,50,50,2025-05-27 00:00:00
PO-2025-00627,2025-05-16 00:00:00,P020,S07,W03,230,230,2025-05-23 00:00:00
PO-2025-00628,2025-05-16 00:00:00,P025,S02,W01,190,190,2025-05-23 00:00:00
PO-2025-00629,2025-05-17 00:00:00,P005,S01,W01,60,55,2025-06-09 00:00:00
PO-2025-00630,2025-05-17 00:00:00,P005,S01,W03,90,90,2025-06-06 00:00:00
PO-2025-00631,2025-05-17 00:00:00,P006,S01,W04,100,100,01-06-2025
PO-2025-00632,2025-05-17 00:00:00,P006,S01,W05,90,90,2025-06-05 00:00:00
PO-2025-00633,2025-05-17 00:00:00,P012,S03,W04,40,40,2025-05-27 00:00:00
PO-2025-00634,2025-05-17 00:00:00,P017,S05,W02,410,410,2025-05-22 00:00:00
PO-2025-00635,2025-05-17 00:00:00,P021,S07,W04,570,627,2025-05-22 00:00:00
PO-2025-00636,2025-05-17 00:00:00,P022,S07,W04,250,250,2025-05-22 00:00:00
PO-2025-00637,2025-05-17 00:00:00,P028,S08,W02,320,320,2025-05-24 00:00:00
PO-2025-00638,2025-05-19 00:00:00,P002,S01,W01,60,60,12-06-2025
PO-2025-00639,2025-05-19 00:00:00,P011,S03,W05,60,60,2025-05-28 00:00:00
PO-2025-00640,2025-05-19 00:00:00,P015,S06,W03,600,542,2025-05-25 00:00:00
PO-2025-00641,2025-05-19 00:00:00,P023,S06,W03,230,230,2025-05-24 00:00:00
PO-2025-00642,2025-05-19 00:00:00,P025,S08,W05,250,250,2025-06-03 00:00:00
PO-2025-00643,2025-05-19 00:00:00,P027,S08,W01,200,200,2025-05-25 00:00:00
PO-2025-00644,2025-05-20 00:00:00,P001,S01,W05,70,70,2025-06-05 00:00:00
PO-2025-00645,2025-05-20 00:00:00,P008,S03,W02,60,48,2025-05-30 00:00:00
PO-2025-00646,2025-05-20 00:00:00,P011,S03,W03,40,40,2025-06-05 00:00:00
PO-2025-00647,2025-05-20 00:00:00,P016,S05,W03,330,330,2025-05-25 00:00:00
PO-2025-00648,2025-05-20 00:00:00,P024,S07,W05,160,160,2025-05-27 00:00:00
PO-2025-00649,2025-05-21 00:00:00,P006,S01,W02,80,80,2025-06-08 00:00:00
PO-2025-00650,2025-05-21 00:00:00,P014,S05,W05,270,270,2025-05-18 00:00:00
PO-2025-00651,2025-05-21 00:00:00,P016,S05,,420,337,2025-05-26 00:00:00
PO-2025-00652,2025-05-21 00:00:00,P019,S06,W03,100,100,2025-05-31 00:00:00
PO-2025-00653,2025-05-21 00:00:00,P028,S08,W05,80,80,2025-05-29 00:00:00
PO-2025-00654,2025-05-22 00:00:00,P009,S03,W03,80,80,2025-06-05 00:00:00
PO-2025-00655,2025-05-22 00:00:00,P011,S04,W02,50,50,2025-05-31 00:00:00
PO-2025-00656,2025-05-22 00:00:00,P013,S05,W05,270,270,2025-05-27 00:00:00
PO-2025-00657,2025-05-22 00:00:00,P025,S08,W04,140,140,2025-05-30 00:00:00
PO-2025-00658,2025-05-23 00:00:00,P005,S01,W02,140,140,2025-06-10 00:00:00
PO-2025-00659,2025-05-23 00:00:00,P014,S05,W01,250,250,2025-05-27 00:00:00
PO-2025-00660,2025-05-23 00:00:00,P022,S07,W01,370,370,29/05/2025
PO-2025-00661,2025-05-23 00:00:00,P023,S07,W01,220,220,2025-05-29 00:00:00
PO-2025-00662,2025-05-24 00:00:00,P011,S03,W04,40,40,2025-06-04 00:00:00
PO-2025-00663,2025-05-24 00:00:00,P023,S07,W02,130,130,2025-05-30 00:00:00
PO-2025-00664,2025-05-26 00:00:00,P003,S02,W01,60,60,2025/06/03
PO-2025-00665,2025-05-26 00:00:00,P009,S03,W04,60,60,2025-06-05 00:00:00
PO-2025-00666,2025-05-26 00:00:00,P012,S03,W05,40,40,2025-06-04 00:00:00
PO-2025-00667,2025-05-26 00:00:00,P015,S05,W02,330,330,2025-05-30 00:00:00
PO-2025-00668,2025-05-26 00:00:00,P015,S05,W04,220,207,2025-05-30 00:00:00
PO-2025-00669,2025-05-26 00:00:00,P017,S06,W03,360,360,2025-06-02 00:00:00
PO-2025-00670,2025-05-26 00:00:00,P017,S06,W04,220,220,2025-06-03 00:00:00
PO-2025-00671,2025-05-26 00:00:00,P017,S05,W05,430,430,2025-05-28 00:00:00
PO-2025-00672,2025-05-26 00:00:00,P018,S05,W03,480,463,2025-05-31 00:00:00
PO-2025-00673,2025-05-26 00:00:00,P024,S06,W04,210,210,2025-06-01 00:00:00
PO-2025-00673,2025-05-26 00:00:00,P024,S06,W04,210,210,2025-06-01 00:00:00
PO-2025-00674,27-05-2025,P018,s05,W01,220,220,2025-05-31 00:00:00
PO-2025-00675,2025-05-27 00:00:00,P028,S08,W01,100,100,2025-06-05 00:00:00
PO-2025-00676,2025-05-28 00:00:00,P004,S01,W03,110,110,2025-06-18 00:00:00
PO-2025-00677,28/05/2025,P021,S07,W05,180,180,2025-06-02 00:00:00
PO-2025-00678,2025-05-28 00:00:00,P024,S07,W03,130,130,2025-06-02 00:00:00
PO-2025-00679,2025-05-28 00:00:00,P025,S02,W03,210,210,2025-06-04 00:00:00
PO-2025-00680,2025-05-29 00:00:00,P003,S01,W02,140,140,2025/07/09
PO-2025-00681,29/05/2025,P014,S05,W04,250,250,2025-06-02 00:00:00
PO-2025-00682,2025-05-29 00:00:00,P026,S08,W03,130,130,2025-06-06 00:00:00
PO-2025-00683,2025-05-29 00:00:00,P027,S02,W02,390,390,03-06-2025
PO-2025-00684,2025-05-30 00:00:00,P017,S05,W01,150,150,2025-06-03 00:00:00
PO-2025-00685,2025-05-30 00:00:00,P020,S07,W02,250,250,2025-06-11 00:00:00
PO-2025-00686,2025-05-30 00:00:00,P024,S07,W02,250,250,2025-06-03 00:00:00
PO-2025-00687,2025-05-31 00:00:00,P011,S03,W01,70,70,2025-06-12 00:00:00
PO-2025-00688,2025-05-31 00:00:00,P013,S99,W04,310,310,2025-06-04 00:00:00
PO-2025-00689,31-05-2025,P020,S07,W04,320,0,2025-06-07 00:00:00
PO-2025-00690,2025-05-31 00:00:00,P030,S08,W03,250,250,2025-06-08 00:00:00
PO-2025-00691,2025-06-02 00:00:00,P002,S02,W03,160,160,2025-06-09 00:00:00
PO-2025-00692,02 Jun 2025,P021,S07,W01,240,240,2025-06-09 00:00:00
PO-2025-00693,2025-06-02 00:00:00,P022,S07,W05,240,240,2025-06-08 00:00:00
PO-2025-00694,2025-06-02 00:00:00,P024,S07,W01,150,150,2025-06-07 00:00:00
PO-2025-00695,2025-06-02 00:00:00,P028,S08,W03,230,230,2025-06-12 00:00:00
PO-2025-00696,2025-06-02 00:00:00,P029,S08,W02,150,150,2025-06-10 00:00:00
PO-2025-00697,2025-06-03 00:00:00,P001,S01,W04,120,120,2025-06-16 00:00:00
PO-2025-00698,2025-06-03 00:00:00,P011,S04,W05,60,60,2025-06-16 00:00:00
PO-2025-00699,2025-06-03 00:00:00,P019,S07,W02,390,390,2025-06-08 00:00:00
PO-2025-00700,2025-06-03 00:00:00,P023,S07,W05,170,170,2025-06-08 00:00:00
PO-2025-00701,03-06-2025,P025,S02,W02,160,160,2025-06-09 00:00:00
PO-2025-00702,2025-06-03 00:00:00,P026,S08,W02,140,140,2025-06-12 00:00:00
PO-2025-00703,2025-06-04 00:00:00,P001,S01,W05,70,70,2025-06-28 00:00:00
PO-2025-00704,2025-06-04 00:00:00,P004,S01,W05,100,100,2025-06-23 00:00:00
PO-2025-00704,2025-06-04 00:00:00,P004,S01,W05,100,100,2025-06-23 00:00:00
PO-2025-00705,2025-06-04 00:00:00,P008,s03,W01,40,40,2025-06-14 00:00:00
PO-2025-00706,2025-06-04 00:00:00,P009,S04,W02,50,50,2025-06-16 00:00:00
PO-2025-00707,2025-06-04 00:00:00,P027,S08,W04,270,270,2025-06-13 00:00:00
PO-2025-00708,2025-06-04 00:00:00,P029,S08,W04,200,200,11/06/2025
PO-2025-00709,2025-06-05 00:00:00,P004,S01,W04,150,150,2025-06-24 00:00:00
PO-2025-00710,05/06/2025,P006,S01,W01,40,40,2025-06-20 00:00:00
PO-2025-00711,2025-06-05 00:00:00,P022,S07,W03,450,450,2025-06-10 00:00:00
PO-2025-00712,2025-06-06 00:00:00,P002,S01,W04,130,118,2025-06-24 00:00:00
PO-2025-00713,2025-06-06 00:00:00,P002,S01,W05,80,80,2025-07-02 00:00:00
PO-2025-00714,2025-06-06 00:00:00,P005,S01,W04,140,140,2025-06-29 00:00:00
PO-2025-00715,2025-06-06 00:00:00,P011,S03,W04,40,32,2025-06-18 00:00:00
PO-2025-00716,2025-06-06 00:00:00,P016,S05,W03,330,330,2025-06-09 00:00:00
PO-2025-00717,2025-06-06 00:00:00,P019,S07,W05,210,210,2025-06-16 00:00:00
PO-2025-00718,2025-06-06 00:00:00,P027,S02,W05,90,90,2025-06-14 00:00:00
PO-2025-00719,2025-06-06 00:00:00,P028,S08,W04,180,180,2025-06-16 00:00:00
PO-2025-00720,2025-06-07 00:00:00,P001,S01,W02,160,160,2025-06-29 00:00:00
PO-2025-00721,2025-06-07 00:00:00,P005,S01,W05,100,100,2025-06-27 00:00:00
PO-2025-00722,07-Jun-25,P020,S07,W05,270,270,06/12/2025
PO-2025-00723,07-06-2025,P030,S08,W04,170,170,2025-06-14 00:00:00
PO-2025-00724,2025-06-09 00:00:00,P005,S01,W01,60,54,2025-06-30 00:00:00
PO-2025-00725,2025-06-09 00:00:00,P007,S03,W04,30,30,18/06/2025
PO-2025-00726,2025-06-09 00:00:00,P011,S04,W02,50,50,2025-06-19 00:00:00
PO-2025-00727,2025-06-09 00:00:00,P018,S05,W02,540,540,
PO-2025-00728,2025-06-09 00:00:00,P023,S06,W02,130,130,2025-06-17 00:00:00
PO-2025-00729,2025-06-09 00:00:00,P024,S06,W05,160,160,2025-06-15 00:00:00
PO-2025-00730,2025-06-09 00:00:00,P026,S08,W01,190,190,
PO-2025-00731,2025-06-09 00:00:00,P027,S08,W01,200,200,2025-06-14 00:00:00
PO-2025-00732,2025-06-09 00:00:00,P028,S02,W01,100,100,2025-06-17 00:00:00
PO-2025-00733,2025-06-09 00:00:00,P028,S08,W05,80,80,2025-06-17 00:00:00
PO-2025-00734,2025-06-09 00:00:00,P029,S08,W01,130,130,2025-06-24 00:00:00
PO-2025-00735,2025-06-10 00:00:00,P016,S05,W01,340,340,2025-06-16 00:00:00
PO-2025-00736,2025-06-10 00:00:00,P016,S05,W04,220,220,2025-06-13 00:00:00
PO-2025-00737,2025-06-10 00:00:00,P024,S07,W04,210,210,2025-06-16 00:00:00
PO-2025-00738,2025-06-10 00:00:00,P025,S08,W04,140,140,2025-06-16 00:00:00
PO-2025-00739,2025-06-10 00:00:00,P030,S08,W01,180,180,2025-06-20 00:00:00
PO-2025-00740,2025-06-11 00:00:00,P002,S01,W02,260,260,2025-06-27 00:00:00
PO-2025-00741,2025-06-11 00:00:00,P006,S01,W02,80,80,2025-07-09 00:00:00
PO-2025-00742,06/11/2025,P011,S04,W03,40,40,2025-06-24 00:00:00
PO-2025-00743,2025-06-12 00:00:00,P008,S03,W03,40,32,2025-06-23 00:00:00
PO-2025-00744,2025-06-12 00:00:00,P009,S03,W05,30,30,2025-06-24 00:00:00
PO-2025-00745,2025-06-12 00:00:00,P014,S05,W05,270,270,2025-06-17 00:00:00
PO-2025-00746,2025-06-12 00:00:00,P019,S07,W01,400,400,2025-06-17 00:00:00
PO-2025-00747,2025-06-12 00:00:00,P025,S08,W05,250,250,2025-06-21 00:00:00
PO-2025-00748,2025-06-13 00:00:00,P004,S01,W01,140,140,2025-07-17 00:00:00
PO-2025-00749,13-06-2025,P009,s03,W01,70,70,2025-06-21 00:00:00
PO-2025-00750,2025-06-13 00:00:00,P014,S06,W01,250,208,2025-06-18 00:00:00
PO-2025-00751,2025-06-13 00:00:00,P015,S05,W03,600,600,2025-06-16 00:00:00
PO-2025-00752,2025-06-13 00:00:00,P023,S07,W03,230,230,2025-06-20 00:00:00
PO-2025-00753,2025-06-13 00:00:00,P024,S07,W03,130,130,2025-06-20 00:00:00
PO-2025-00754,2025-06-13 00:00:00,P026,S08,W03,130,130,2025-06-20 00:00:00
PO-2025-00755,2025-06-13 00:00:00,P028,S08,W02,320,320,2025-06-20 00:00:00
PO-2025-00756,2025-06-14 00:00:00,P006,S01,W05,90,80,2025-06-29 00:00:00
PO-2025-00757,2025-06-14 00:00:00,P017,S05,W03,360,360,2025-06-22 00:00:00
PO-2025-00758,2025-06-16 00:00:00,P001,S01,W03,100,100,2025-07-06 00:00:00
PO-2025-00759,2025-06-16 00:00:00,P008,S03,W05,60,60,2025-06-26 00:00:00
PO-2025-00760,2025-06-16 00:00:00,P019,S06,W04,310,,2025-06-23 00:00:00
PO-2025-00761,2025-06-16 00:00:00,P025,S08,W03,210,210,2025-06-22 00:00:00
PO-2025-00762,2025-06-16 00:00:00,P029,S08,W02,150,150,26-06-2025
PO-2025-00763,2025-06-17 00:00:00,P008,S03,W02,60,54,2025-06-28 00:00:00
PO-2025-00764,2025-06-17 00:00:00,P012,S03,W04,40,40,2025-06-26 00:00:00
PO-2025-00765,2025-06-17 00:00:00,P013,S06,W02,920,920,2025-06-30 00:00:00
PO-2025-00766,2025-06-17 00:00:00,P016,S05,W05,420,420,2025-06-21 00:00:00
PO-2025-00767,2025-06-17 00:00:00,P021,S07,W02,320,320,2025-06-24 00:00:00
PO-2025-00768,06/17/2025,P022,S07,W04,250,250,2025-06-23 00:00:00
PO-2025-00769,2025-06-17 00:00:00,P025,S08,W01,190,190,2025-06-24 00:00:00
PO-2025-00770,2025-06-18 00:00:00,P001,S01,W01,120,120,2025-07-08 00:00:00
PO-2025-00771,2025-06-18 00:00:00,P006,S01,W04,100,100,2025-07-03 00:00:00
PO-2025-00772,2025-06-18 00:00:00,P012,S03,W01,60,60,2025-06-27 00:00:00
PO-2025-00773,2025-06-18 00:00:00,P014,S05,W04,250,250,2025-06-22 00:00:00
PO-2025-00774,2025-06-18 00:00:00,P018,S05,W01,220,220,2025-06-20 00:00:00
PO-2025-00775,2025-06-18 00:00:00,P018,S05,W04,320,320,2025-06-22 00:00:00
PO-2025-00776,2025-06-19 00:00:00,P003,S01,W01,60,57,2025-07-05 00:00:00
PO-2025-00777,2025-06-19 00:00:00,P007,S03,W02,60,60,30/06/2025
PO-2025-00778,2025-06-19 00:00:00,P007,S04,W05,70,64,2025-06-26 00:00:00
PO-2025-00779,2025-06-19 00:00:00,P017,S05,W02,410,410,21-Jun-25
PO-2025-00780,2025-06-20 00:00:00,P013,S05,W05,270,270,2025-06-25 00:00:00
PO-2025-00781,2025-06-20 00:00:00,P018,S05,W03,480,480,2025-06-25 00:00:00
PO-2025-00782,2025-06-20 00:00:00,P024,S07,W02,250,250,2025-06-26 00:00:00
PO-2025-00783,2025-06-21 00:00:00,P002,S01,W01,60,60,07/15/2025
PO-2025-00784,2025-06-21 00:00:00,P006,S01,W03,140,140,2025-07-05 00:00:00
PO-2025-00785,2025-06-21 00:00:00,P011,S03,W04,40,40,2025-06-30 00:00:00
PO-2025-00786,2025-06-21 00:00:00,P015,S05,W01,690,690,2025-06-26 00:00:00
PO-2025-00787,2025-06-21 00:00:00,P021,S07,W04,570,0,2025-06-28 00:00:00
PO-2025-00788,21/06/2025,P027,S08,W02,390,390,2025-06-30 00:00:00
PO-2025-00789,2025-06-23 00:00:00,P003,S02,W02,140,140,2025-07-02 00:00:00
PO-2025-00790,2025-06-23 00:00:00,P004,S02,W03,110,110,2025-07-03 00:00:00
PO-2025-00791,2025-06-23 00:00:00,P007,S03,W04,30,30,2025-07-05 00:00:00
PO-2025-00792,2025-06-23 00:00:00,P008,S03,W04,40,40,2025-07-03 00:00:00
PO-2025-00792,2025-06-23 00:00:00,P008,S03,W04,40,40,2025-07-03 00:00:00
PO-2025-00793,2025-06-23 00:00:00,P009,S04,W03,80,80,2025-07-10 00:00:00
PO-2025-00794,2025-06-23 00:00:00,P011,S03,W02,50,50,2025-07-04 00:00:00
PO-2025-00795,2025-06-23 00:00:00,P011,S03,W05,60,60,2025-07-05 00:00:00
PO-2025-00796,2025-06-23 00:00:00,P015,S05,W05,260,239,2025-06-28 00:00:00
PO-2025-00797,23/06/2025,P017,S05,W01,150,120,
PO-2025-00798,23-06-2025,P019,S07,W03,100,100,2025-06-29 00:00:00
PO-2025-00799,2025-06-23 00:00:00,P020,S07,W03,230,211,2025-06-27 00:00:00
PO-2025-00800,2025-06-23 00:00:00,P024,S07,W01,150,150,2025-06-29 00:00:00
PO-2025-00801,2025-06-23 00:00:00,P025,S08,W02,160,160,2025-07-02 00:00:00
PO-2025-00802,2025-06-23 00:00:00,P027,S02,W05,90,90,30/06/2025
PO-2025-00803,2025-06-23 00:00:00,P028,S02,W01,100,100,2025-06-30 00:00:00
PO-2025-00804,2025-06-23 00:00:00,P028,S02,W03,230,205,2025-06-30 00:00:00
PO-2025-00805,2025-06-23 00:00:00,P030,S08,W03,250,250,2025-06-29 00:00:00
PO-2025-00806,2025-06-24 00:00:00,P016,S05,W03,330,330,2025-06-29 00:00:00
PO-2025-00807,2025-06-24 00:00:00,P018,S05,W05,350,350,2025-06-28 00:00:00
PO-2025-00808,2025-06-25 00:00:00,P017,S06,W05,430,377,2025-06-30 00:00:00
PO-2025-00809,2025-06-25 00:00:00,P023,S07,W05,170,170,2025-06-30 00:00:00
PO-2025-00810,2025-06-25 00:00:00,P028,S08,W05,80,80,2025-07-04 00:00:00
PO-2025-00811,2025-06-26 00:00:00,P006,S01,W01,40,40,2025-07-16 00:00:00
PO-2025-00812,2025-06-26 00:00:00,P024,S06,W05,160,160,2025-07-04 00:00:00
PO-2025-00813,2025-06-26 00:00:00,P025,S08,W04,140,140,2025-07-02 00:00:00
PO-2025-00814,26-Jun-25,P029,S08,W04,200,200,2025-07-04 00:00:00
PO-2025-00815,2025-06-27 00:00:00,P005,S01,W03,90,78,2025-07-16 00:00:00
PO-2025-00816,2025-06-27 00:00:00,P008,S03,W03,40,40,2025-07-05 00:00:00
PO-2025-00817,2025-06-27 00:00:00,P015,S05,W02,330,330,2025-07-02 00:00:00
PO-2025-00818,2025-06-27 00:00:00,P023,S07,W01,220,0,2025-07-05 00:00:00
PO-2025-00819,2025-06-27 00:00:00,P024,S07,W04,210,210,03/07/2025
PO-2025-00820,2025-06-27 00:00:00,P026,S02,W02,140,140,2025-07-04 00:00:00
PO-2025-00821,2025-06-27 00:00:00,P026,S02,W03,130,113,2025-07-04 00:00:00
PO-2025-00822,2025-06-27 00:00:00,P027,S08,W01,200,200,2025-07-06 00:00:00
PO-2025-00823,2025-06-28 00:00:00,P001,S01,W05,70,70,2025/07/19
PO-2025-00824,2025-06-28 00:00:00,P003,S01,W03,100,100,2025-07-20 00:00:00
PO-2025-00825,2025-06-28 00:00:00,P009,S03,W02,50,50,2025-07-15 00:00:00
PO-2025-00826,2025-06-28 00:00:00,P012,S03,W05,40,40,2025-06-25 00:00:00
PO-2025-00827,2025-06-30 00:00:00,P004,S01,W05,100,100,2025-07-18 00:00:00
PO-2025-00828,2025-06-30 00:00:00,P005,S01,W01,60,60,2025-08-05 00:00:00
PO-2025-00829,2025-06-30 00:00:00,P011,S04,W01,70,70,2025-07-16 00:00:00
PO-2025-00830,2025-06-30 00:00:00,P013,S05,W04,310,310,2025-07-06 00:00:00
PO-2025-00831,2025-06-30 00:00:00,P015,S06,W04,220,220,2025-07-05 00:00:00
PO-2025-00832,2025-06-30 00:00:00,P023,S07,W02,130,130,2025-07-08 00:00:00
PO-2025-00833,2025-06-30 00:00:00,P025,S08,W03,210,210,2025-07-07 00:00:00
PO-2025-00834,2025-06-30 00:00:00,P026,S08,W01,190,190,2025-07-09 00:00:00
PO-2025-00835,2025-07-01 00:00:00,P002,S01,W04,130,130,2025-07-23 00:00:00
PO-2025-00836,2025-07-01 00:00:00,P014,S06,W05,270,270,2025-07-06 00:00:00
PO-2025-00837,2025-07-01 00:00:00,p019,S06,W05,210,210,2025-07-06 00:00:00
PO-2025-00838,2025-07-01 00:00:00,P027,S08,W04,270,270,2025-07-10 00:00:00
PO-2025-00839,2025-07-02 00:00:00,P014,S05,W01,250,250,2025-07-05 00:00:00
PO-2025-00840,2025-07-02 00:00:00,P019,S07,W02,390,390,2025-07-10 00:00:00
PO-2025-00841,2025-07-02 00:00:00,P020,S07,W02,250,250,2025-07-13 00:00:00
PO-2025-00842,2025-07-02 00:00:00,P020,S07,W04,320,,2025-07-10 00:00:00
PO-2025-00843,2025-07-02 00:00:00,P022,S07,W03,450,450,2025-07-07 00:00:00
PO-2025-00844,2025-07-02 00:00:00,P025,S08,W05,250,250,2025-07-13 00:00:00
PO-2025-00845,2025-07-03 00:00:00,P005,S01,W02,140,140,2025-07-28 00:00:00
PO-2025-00846,2025-07-03 00:00:00,P029,S08,W02,150,150,2025-07-09 00:00:00
PO-2025-00847,2025-07-04 00:00:00,P010,S03,W05,20,18,2025-07-12 00:00:00
PO-2025-00848,2025-07-04 00:00:00,P021,S06,W05,180,180,2025-07-11 00:00:00
PO-2025-00849,2025-07-04 00:00:00,P024,S07,W03,130,130,2025-07-13 00:00:00
PO-2025-00850,2025-07-04 00:00:00,P028,S02,W02,320,320,2025-07-11 00:00:00
PO-2025-00851,2025-07-04 00:00:00,P029,S08,W01,130,130,2025-07-12 00:00:00
PO-2025-00852,2025-07-04 00:00:00,P030,S08,W01,180,,2025-07-13 00:00:00
PO-2025-00853,2025-07-05 00:00:00,P001,S01,W02,160,160,2025-07-23 00:00:00
PO-2025-00854,2025-07-05 00:00:00,P008,S03,W01,40,40,2025-07-15 00:00:00
PO-2025-00855,2025-07-05 00:00:00,P011,S03,W03,40,40,2025-07-17 00:00:00
PO-2025-00856,2025-07-05 00:00:00,P014,S05,W04,250,275,2025-07-09 00:00:00
PO-2025-00857,2025-07-05 00:00:00,P027,S08,W05,90,76,2025-07-14 00:00:00
PO-2025-00858,2025-07-07 00:00:00,P006,S02,W05,90,90,2025-07-14 00:00:00
PO-2025-00859,07 Jul 2025,P011,S03,W04,40,40,2025-07-19 00:00:00
PO-2025-00860,2025-07-07 00:00:00,P017,S05,W03,360,360,2025-07-13 00:00:00
PO-2025-00861,2025-07-07 00:00:00,P022,S07,W01,370,370,2025-07-11 00:00:00
PO-2025-00862,2025-07-07 00:00:00,P022,S07,W05,240,240,2025-07-13 00:00:00
PO-2025-00863,2025-07-07 00:00:00,P030,S02,W04,170,170,2025-07-14 00:00:00
PO-2025-00864,2025-07-08 00:00:00,P016,S06,W01,340,0,2025-07-15 00:00:00
PO-2025-00865,2025-07-08 00:00:00,P017,S05,W04,220,220,2025-07-11 00:00:00
PO-2025-00866,08-07-2025,P018,S06,W01,220,220,2025-07-16 00:00:00
PO-2025-00867,2025-07-08 00:00:00,P025,S08,W01,190,190,2025-07-17 00:00:00
PO-2025-00868,2025-07-08 00:00:00,P028,S02,W01,100,92,
PO-2025-00869,09-07-2025,P008,S03,W02,60,60,2025-07-29 00:00:00
PO-2025-00870,2025-07-09 00:00:00,P026,S08,W03,130,130,2025-07-15 00:00:00
PO-2025-00871,2025-07-10 00:00:00,P012,S04,W04,40,40,2025-07-06 00:00:00
PO-2025-00872,2025-07-10 00:00:00,P024,S06,W02,250,250,2025-07-16 00:00:00
PO-2025-00873,2025-07-10 00:00:00,P025,S08,W02,160,160,2025-07-18 00:00:00
PO-2025-00874,2025-07-10 00:00:00,P028,S08,W05,80,80,2025/07/18
PO-2025-00875,2025-07-11 00:00:00,P002,S01,W03,160,160,2025-07-30 00:00:00
PO-2025-00876,2025-07-11 00:00:00,P005,S02,W04,140,140,2025-07-18 00:00:00
PO-2025-00877,2025/07/11,P009,S03,W04,60,54,2025-07-18 00:00:00
PO-2025-00878,2025-07-11 00:00:00,P016,S05,W03,330,330,2025-07-15 00:00:00
PO-2025-00879,2025-07-11 00:00:00,P028,S08,W04,180,180,2025-07-18 00:00:00
PO-2025-00880,2025-07-11 00:00:00,P030,S08,W03,250,275,2025-07-20 00:00:00
PO-2025-00881,2025-07-12 00:00:00,P020,S07,W05,270,270,2025-07-18 00:00:00
PO-2025-00882,2025-07-12 00:00:00,P021,S07,W01,240,240,2025-07-16 00:00:00
PO-2025-00883,2025-07-12 00:00:00,P028,S08,W03,230,230,2025-07-22 00:00:00
PO-2025-00884,14 Jul 2025,P001,S02,W01,120,120,2025-07-19 00:00:00
PO-2025-00885,2025-07-14 00:00:00,P002,S01,W05,80,80,
PO-2025-00886,2025-07-14 00:00:00,P003,S01,W01,60,60,2025-07-29 00:00:00
PO-2025-00887,2025-07-14 00:00:00,P005,S01,W05,100,96,2025-08-10 00:00:00
PO-2025-00888,2025-07-14 00:00:00,P006,S02,W02,80,80,2025-07-21 00:00:00
PO-2025-00889,2025-07-14 00:00:00,P007,S03,W04,30,30,2025-07-31 00:00:00
PO-2025-00890,2025-07-14 00:00:00,P009,S03,W01,70,70,2025-07-24 00:00:00
PO-2025-00891,2025-07-14 00:00:00,P009,S03,W05,30,30,2025-07-23 00:00:00
PO-2025-00892,2025-07-14 00:00:00,P011,S03,W02,50,47,2025-07-27 00:00:00
PO-2025-00893,2025-07-14 00:00:00,P015,S05,W03,600,600,2025-07-19 00:00:00
PO-2025-00894,2025-07-14 00:00:00,P017,S05,W01,150,150,2025-07-20 00:00:00
PO-2025-00895,2025-07-14 00:00:00,P019,S06,W01,400,400,2025-07-20 00:00:00
PO-2025-00896,2025-07-14 00:00:00,P025,S02,W04,140,140,19 Jul 2025
PO-2025-00897,2025-07-15 00:00:00,P023,S07,W03,230,230,2025-07-19 00:00:00
PO-2025-00898,2025-07-16 00:00:00,P004,S01,W03,110,110,2025-07-31 00:00:00
PO-2025-00899,2025-07-16 00:00:00,P008,S03,W04,40,40,2025-08-02 00:00:00
PO-2025-00900,2025-07-16 00:00:00,P026,S08,W02,140,131,2025-07-23 00:00:00
PO-2025-00901,16 Jul 2025,P027,S08,W02,390,390,2025-07-23 00:00:00
PO-2025-00902,2025-07-17 00:00:00,P001,S02,W05,70,70,07/24/2025
PO-2025-00903,2025-07-17 00:00:00,P013,S05,W05,270,270,2025-07-25 00:00:00
PO-2025-00904,2025-07-17 00:00:00,P014,S05,W05,270,270,2025-07-22 00:00:00
PO-2025-00905,2025-07-17 00:00:00,P018,S05,W03,480,480,2025-07-20 00:00:00
PO-2025-00906,2025-07-17 00:00:00,P023,S06,W05,170,160,2025-07-23 00:00:00
PO-2025-00907,2025-07-17 00:00:00,P027,S08,W05,90,90,2025-07-22 00:00:00
PO-2025-00908,2025-07-17 00:00:00,P029,S08,W02,150,138,2025-07-25 00:00:00
PO-2025-00909,2025-07-17 00:00:00,P029,S08,W04,200,200,2025-07-25 00:00:00
PO-2025-00910,2025-07-18 00:00:00,P006,S01,W04,100,100,2025-08-19 00:00:00
PO-2025-00911,2025-07-18 00:00:00,P016,S05,W05,420,0,2025-07-26 00:00:00
PO-2025-00912,2025-07-19 00:00:00,P011,S03,W05,60,60,2025-07-30 00:00:00
PO-2025-00913,2025-07-19 00:00:00,P018,S06,W02,540,540,2025-07-26 00:00:00
PO-2025-00914,2025-07-19 00:00:00,P024,S07,W03,130,130,2025-07-25 00:00:00
PO-2025-00915,2025-07-19 00:00:00,P024,S06,W04,210,210,2025-07-28 00:00:00
PO-2025-00916,2025-07-19 00:00:00,P025,S08,W03,210,210,2025-07-29 00:00:00
PO-2025-00917,2025-07-21 00:00:00,P006,S02,W03,140,140,2025-07-28 00:00:00
PO-2025-00918,2025-07-21 00:00:00,P008,S03,W05,60,60,29-07-2025
PO-2025-00919,2025-07-21 00:00:00,P019,S06,W04,310,310,2025-07-27 00:00:00
PO-2025-00920,2025-07-21 00:00:00,P022,S07,W04,250,250,
PO-2025-00921,2025-07-21 00:00:00,P024,S07,W05,160,160,2025-07-27 00:00:00
PO-2025-00922,2025-07-21 00:00:00,P027,S08,W01,200,200,2025-07-29 00:00:00
PO-2025-00923,2025-07-21 00:00:00,P028,S08,W01,100,100,2025-07-28 00:00:00
PO-2025-00924,07/22/2025,P006,S01,W01,40,37,2025-08-11 00:00:00
PO-2025-00925,2025-07-22 00:00:00,P023,S07,W02,130,130,2025-07-29 00:00:00
PO-2025-00926,2025-07-23 00:00:00,P003,S01,W02,140,140,2025-08-08 00:00:00
PO-2025-00927,23-07-2025,P004,S02,W04,150,150,2025-07-29 00:00:00
PO-2025-00928,2025-07-23 00:00:00,P014,S05,W04,250,,2025-07-26 00:00:00
PO-2025-00929,2025-07-23 00:00:00,P021,S06,W02,320,320,2025-07-27 00:00:00
PO-2025-00930,2025-07-23 00:00:00,P026,S08,W03,130,130,2025-08-01 00:00:00
PO-2025-00931,2025-07-23 00:00:00,P029,S08,W01,130,122,2025-08-01 00:00:00
PO-2025-00932,2025-07-24 00:00:00,P001,S01,W04,120,120,2025-08-10 00:00:00
PO-2025-00933,24 Jul 2025,P009,S03,W03,80,80,2025-08-14 00:00:00
PO-2025-00934,2025-07-24 00:00:00,P013,S05,W04,310,310,2025-07-28 00:00:00
PO-2025-00935,24-07-2025,P016,S05,W04,220,220,2025-07-27 00:00:00
PO-2025-00936,2025-07-24 00:00:00,P018,S05,W04,320,320,2025-07-29 00:00:00
PO-2025-00937,2025-07-24 00:00:00,P027,S08,W04,270,270,2025-08-01 00:00:00
PO-2025-00938,2025-07-25 00:00:00,P003,S02,W03,100,100,2025-08-01 00:00:00
PO-2025-00939,2025-07-25 00:00:00,P014,S05,W01,250,250,2025-07-27 00:00:00
PO-2025-00940,2025-07-25 00:00:00,P017,S05,W03,360,360,2025-07-28 00:00:00
PO-2025-00941,2025-07-25 00:00:00,P021,S06,W04,570,570,2025-07-31 00:00:00
PO-2025-00942,2025-07-25 00:00:00,P024,S07,W01,150,150,2025-07-31 00:00:00
PO-2025-00943,2025-07-25 00:00:00,P025,S08,W02,160,160,2025-08-03 00:00:00
PO-2025-00944,2025-07-26 00:00:00,P002,S01,W02,260,260,2025-08-11 00:00:00
PO-2025-00945,2025-07-26 00:00:00,P004,S01,W05,100,93,2025-08-28 00:00:00
PO-2025-00946,26-07-2025,P008,S03,W03,40,40,2025-08-04 00:00:00
PO-2025-00947,2025-07-26 00:00:00,P011,S03,W04,40,40,2025-08-14 00:00:00
PO-2025-00948,2025-07-26 00:00:00,P015,S06,W01,690,690,2025-08-01 00:00:00
PO-2025-00949,2025-07-26 00:00:00,P020,S07,W03,230,230,2025-08-01 00:00:00
PO-2025-00950,2025-07-26 00:00:00,P025,S02,W05,250,250,2025-08-02 00:00:00
PO-2025-00951,2025-07-28 00:00:00,P002,S02,W01,60,60,03-Aug-25
PO-2025-00952,2025-07-28 00:00:00,P004,S01,W01,140,140,2025-08-13 00:00:00
PO-2025-00953,2025-07-28 00:00:00,P012,S03,W01,60,58,2025-08-07 00:00:00
PO-2025-00954,28-07-2025,P017,S06,W02,410,410,2025-08-07 00:00:00
PO-2025-00954,28-07-2025,P017,S06,W02,410,410,2025-08-07 00:00:00
PO-2025-00955,28 Jul 2025,P017 ,S05,W05,430,400,2025-07-31 00:00:00
PO-2025-00956,2025-07-28 00:00:00,P019,S06,W05,210,210,2025-08-03 00:00:00
PO-2025-00957,2025-07-28 00:00:00,P026,S02,W01,190,,2025-08-04 00:00:00
PO-2025-00958,2025-07-29 00:00:00,P002,S02,W04,130,130,2025-08-06 00:00:00
PO-2025-00959,2025-07-29 00:00:00,P005,S01,W03,90,90,2025-08-11 00:00:00
PO-2025-00960,2025-07-29 00:00:00,P007,S03,W05,70,70,2025-08-06 00:00:00
PO-2025-00961,2025-07-29 00:00:00,P016,S05,W03,330,330,04/08/2025
PO-2025-00962,2025-07-29 00:00:00,P024,S06,W02,250,250,2025-08-08 00:00:00
PO-2025-00963,2025-07-29 00:00:00,P025,S08,W04,140,140,2025-08-06 00:00:00
PO-2025-00964,2025-07-29 00:00:00,P028,S08,W05,80,88,2025-08-05 00:00:00
PO-2025-00965,2025-07-30 00:00:00,P007,S03,W02,60,60,2025-08-10 00:00:00
PO-2025-00966,2025-07-30 00:00:00,P011,S03,W03,40,40,2025-08-10 00:00:00
PO-2025-00967,2025-07-30 00:00:00,P013,S06,W02,920,920,2025-08-07 00:00:00
PO-2025-00968,2025-07-30 00:00:00,P014,S05,W05,270,245,2025-08-05 00:00:00
PO-2025-00969,2025-07-30 00:00:00,P015,S05,W04,220,220,2025-08-05 00:00:00
PO-2025-00970,2025-07-30 00:00:00,P015,S05,W05,260,260,2025-08-02 00:00:00
PO-2025-00971,2025-07-30 00:00:00,P019,S07,W03,100,96,2025-08-06 00:00:00
PO-2025-00972,2025-07-30 00:00:00,P028,S02,W02,320,320,2025-08-06 00:00:00
PO-2025-00973,2025-07-30 00:00:00,P029,S08,W02,150,150,2025-08-06 00:00:00
PO-2025-00974,2025-07-31 00:00:00,P012,S03,W05,40,40,2025-08-12 00:00:00
PO-2025-00975,2025-07-31 00:00:00,P018,S06,W05,350,350,2025-08-08 00:00:00
PO-2025-00976,2025-07-31 00:00:00,P027,S08,W05,90,90,2025-08-08 00:00:00
PO-2025-00977,2025-07-31 00:00:00,P030,S08,W03,250,250,2025-08-08 00:00:00
PO-2025-00978,2025-08-01 00:00:00,P006,S02,W02,80,80,2025-08-07 00:00:00
PO-2025-00979,2025-08-01 00:00:00,P009,s03,W02,50,55,2025-08-15 00:00:00
PO-2025-00980,01-08-2025,P018,S06,W01,220,220,06/08/2025
PO-2025-00981,2025-08-01 00:00:00,P019,S07,W02,390,363,2025-08-07 00:00:00
PO-2025-00982,2025-08-02 00:00:00,P001,S01,W03,100,100,2025-08-22 00:00:00
PO-2025-00983,2025-08-02 00:00:00,P017,S05,W01,150,134,2025-08-08 00:00:00
PO-2025-00984,2025-08-02 00:00:00,P023,S07,W01,220,220,2025-08-10 00:00:00
PO-2025-00985,2025-08-04 00:00:00,P005,S02,W02,140,140,2025-08-11 00:00:00
PO-2025-00986,2025-08-04 00:00:00,P016,S05,W01,340,340,2025-08-10 00:00:00
PO-2025-00987,2025-08-04 00:00:00,P023,S99,W05,170,170,2025-08-10 00:00:00
PO-2025-00988,04/08/2025,P024,S06,W03,130,130,2025-08-10 00:00:00
PO-2025-00989,2025-08-05 00:00:00,P012,S03,W04,40,40,2025-08-17 00:00:00
PO-2025-00990,2025-08-05 00:00:00,P020,S07,W02,250,250,2025-08-09 00:00:00
PO-2025-00991,2025-08-05 00:00:00,P022,S07,W03,450,450,2025-08-10 00:00:00
PO-2025-00992,2025-08-05 00:00:00,P030,S08,W01,180,180,2025-08-14 00:00:00
PO-2025-00993,2025-08-06 00:00:00,P004,S01,W03,110,110,2025-08-25 00:00:00
PO-2025-00994,2025-08-06 00:00:00,P005,S01,W01,60,60,2025-08-27 00:00:00
PO-2025-00995,2025-08-06 00:00:00,P006,S02,W05,90,90,2025-08-13 00:00:00
PO-2025-00996,2025-08-07 00:00:00,P021,S07,W05,180,145,2025-08-13 00:00:00
PO-2025-00997,2025-08-07 00:00:00,P028,S08,W04,180,180,2025-08-15 00:00:00
PO-2025-00998,2025-08-08 00:00:00,P003,S02,W01,60,60,2025-08-13 00:00:00
PO-2025-00999,2025-08-08 00:00:00,P025,S08,W01,190,190,2025-08-16 00:00:00
PO-2025-01000,2025-08-08 00:00:00,P028,S08,W01,100,100,2025-08-16 00:00:00
PO-2025-01001,2025-08-09 00:00:00,P001,S01,W05,70,70,2025-09-01 00:00:00
PO-2025-01002,2025-08-09 00:00:00,P009,S03,W04,60,60,2025-08-27 00:00:00
PO-2025-01003,2025-08-09 00:00:00,P011,S03,W02,50,50,2025-08-18 00:00:00
PO-2025-01004,2025-08-09 00:00:00,P015,S06,W02,330,330,2025-08-15 00:00:00
PO-2025-01005,2025-08-09 00:00:00,P025,S08,W03,210,210,2025-08-15 00:00:00
PO-2025-01006,2025-08-11 00:00:00,P001,S01,W02,160,160,2025-09-01 00:00:00
PO-2025-01007,2025-08-11 00:00:00,P003,S02,W02,140,120,2025-08-19 00:00:00
PO-2025-01008,2025-08-11 00:00:00,P008,S03,W03,40,40,2025-08-20 00:00:00
PO-2025-01009,2025-08-11 00:00:00,P009,S03,W05,30,30,2025-08-19 00:00:00
PO-2025-01010,2025-08-11 00:00:00,P018,S05,W03,480,480,2025-08-13 00:00:00
PO-2025-01011,2025-08-11 00:00:00,P020,S07,W04,320,320,
PO-2025-01012,2025-08-11 00:00:00,P022,S07,W05,240,240,2025-08-17 00:00:00
PO-2025-01013,2025-08-11 00:00:00,P028,S08,W03,230,230,2025-08-19 00:00:00
PO-2025-01014,2025-08-12 00:00:00,P017,S05,W03,360,360,2025-08-16 00:00:00
PO-2025-01015,2025-08-12 00:00:00,P024,S07,W04,210,210,2025-08-19 00:00:00
PO-2025-01016,2025-08-12 00:00:00,P026,S08,W02,140,140,2025-08-18 00:00:00
PO-2025-01017,2025-08-12 00:00:00,P027,S08,W02,390,339,2025-08-19 00:00:00
PO-2025-01018,2025-08-13 00:00:00,P014,S06,W01,250,250,
PO-2025-01019,2025-08-13 00:00:00,P017,S06,W04,220,220,2025-08-20 00:00:00
PO-2025-01020,2025-08-13 00:00:00,P023,S07,W02,130,130,19 Aug 2025
PO-2025-01021,2025-08-13 00:00:00,P024,S07,W05,160,160,2025-08-17 00:00:00
PO-2025-01022,2025-08-13 00:00:00,P026,S08,W03,130,130,2025-08-22 00:00:00
PO-2025-01023,2025-08-13 00:00:00,P029,S08,W04,200,200,2025-08-31 00:00:00
PO-2025-01024,14-Aug-25,P008,S03,W01,40,40,2025-09-03 00:00:00
PO-2025-01025,2025-08-14 00:00:00,P011,S03,W01,70,70,2025-08-23 00:00:00
PO-2025-01026,2025-08-14 00:00:00,P014,S06,W04,250,250,2025-08-19 00:00:00
PO-2025-01027,2025-08-14 00:00:00,P015,S06,W03,600,600,2025-08-20 00:00:00
PO-2025-01028,2025-08-15 00:00:00,P006,S01,W01,40,40,2025-08-29 00:00:00
PO-2025-01029,2025-08-15 00:00:00,P007,S03,W04,30,30,2025-08-26 00:00:00
PO-2025-01030,2025-08-15 00:00:00,P016,S05,W03,330,330,2025-08-19 00:00:00
PO-2025-01031,2025-08-15 00:00:00,P030,S08,W04,170,170,2025-08-23 00:00:00
PO-2025-01032,16/08/2025,P001,S01,W01,120,120,2025-09-03 00:00:00
PO-2025-01033,2025-08-16 00:00:00,P005,S02,W04,140,140,2025-08-23 00:00:00
PO-2025-01034,2025-08-16 00:00:00,P014,S05,W05,270,270,2025-08-20 00:00:00
PO-2025-01035,16/08/2025,P016,S05,W05,420,420,2025-08-20 00:00:00
PO-2025-01036,2025-08-16 00:00:00,P020,S07,W05,270,270,2025-08-24 00:00:00
PO-2025-01037,16-08-2025,P022,S07,W01,370,370,2025-08-22 00:00:00
PO-2025-01038,2025-08-16 00:00:00,P024,S06,W03,130,130,2025-08-23 00:00:00
PO-2025-01039,2025-08-18 00:00:00,P013,S05,W05,270,270,2025-08-24 00:00:00
PO-2025-01040,2025-08-18 00:00:00,P019,S07,W04,310,256,2025-08-24 00:00:00
PO-2025-01040,2025-08-18 00:00:00,P019,S07,W04,310,256,2025-08-24 00:00:00
PO-2025-01041,18/08/2025,P021,S07,W01,240,240,2025-08-28 00:00:00
PO-2025-01042,2025-08-18 00:00:00,P025,S02,W02,160,160,25-08-2025
PO-2025-01043,2025-08-18 00:00:00,P029,S08,W01,130,122,2025-08-28 00:00:00
PO-2025-01044,2025-08-18 00:00:00,P029,S02,W02,150,150,2025-08-24 00:00:00
PO-2025-01045,2025-08-19 00:00:00,P006,S01,W04,100,100,2025-08-30 00:00:00
PO-2025-01046,2025-08-19 00:00:00,P008,S03,W04,40,40,2025-08-29 00:00:00
PO-2025-01047,2025-08-19 00:00:00,P019,S07,W05,210,210,2025-08-25 00:00:00
PO-2025-01048,2025-08-19 00:00:00,P021,S99,W02,320,320,31-08-2025
PO-2025-01049,2025-08-20 00:00:00,P002,S01,W04,130,130,2025-09-07 00:00:00
PO-2025-01050,2025-08-20 00:00:00,P023,S07,W03,230,230,2025-08-31 00:00:00
PO-2025-01051,2025-08-20 00:00:00,P024,S06,W01,150,150,2025-08-25 00:00:00
PO-2025-01052,2025-08-20 00:00:00,P027,S08,W01,200,200,2025-08-28 00:00:00
PO-2025-01053,2025-08-20 00:00:00,P027,S08,W05,90,90,2025-08-28 00:00:00
PO-2025-01054,2025-08-21 00:00:00,P006,S01,W02,80,80,10/09/2025
PO-2025-01055,2025-08-21 00:00:00,P009,S03,W01,70,70,2025-09-01 00:00:00
PO-2025-01056,2025-08-21 00:00:00,P013,S05,W04,310,286,2025-08-25 00:00:00
PO-2025-01057,2025-08-22 00:00:00,P004,S02,W04,150,150,2025-08-29 00:00:00
PO-2025-01058,2025-08-22 00:00:00,P008,S03,W02,60,60,02-09-2025
PO-2025-01059,2025-08-22 00:00:00,P010,S03,W03,90,90,2025-09-04 00:00:00
PO-2025-01060,2025-08-22 00:00:00,P025,S08,W05,250,250,2025-09-06 00:00:00
PO-2025-01061,2025-08-22 00:00:00,P028,S02,W05,80,80,2025-08-30 00:00:00
PO-2025-01062,2025-08-23 00:00:00,P004,S01,W05,100,100,2025-09-06 00:00:00
PO-2025-01063,2025-08-23 00:00:00,P006,S01,W03,140,140,2025-09-07 00:00:00
PO-2025-01064,2025-08-23 00:00:00,P017,S05,W01,150,150,2025-08-28 00:00:00
PO-2025-01065,2025-08-23 00:00:00,P019,S07,W01,400,332,2025-09-02 00:00:00
PO-2025-01066,2025-08-23 00:00:00,P023,S06,W05,170,170,01-09-2025
PO-2025-01067,2025-08-23 00:00:00,P024,S07,W02,250,250,2025-08-29 00:00:00
PO-2025-01068,2025-08-25 00:00:00,P005,S01,W05,100,100,2025-09-10 00:00:00
PO-2025-01069,2025-08-25 00:00:00,P018,S06,W01,220,220,2025-08-29 00:00:00
PO-2025-01070,2025-08-25 00:00:00,P021,S06,W04,570,570,2025-09-02 00:00:00
PO-2025-01071,2025-08-25 00:00:00,P025,S08,W04,140,140,2025-09-02 00:00:00
PO-2025-01072,2025-08-25 00:00:00,P027,S08,W04,270,270,2025-09-03 00:00:00
PO-2025-01073,2025-08-26 00:00:00,P002,S01,W03,160,160,2025-09-12 00:00:00
PO-2025-01074,2025-08-26 00:00:00,P019,S07,W02,390,390,2025-08-31 00:00:00
PO-2025-01075,2025-08-27 00:00:00,P016,S05,W04,220,220,01-09-2025
PO-2025-01076,2025-08-27 00:00:00,P019,S07,W03,100,93,2025-09-03 00:00:00
PO-2025-01077,2025-08-27 00:00:00,P022,s07,W04,250,250,2025-09-02 00:00:00
PO-2025-01078,2025-08-28 00:00:00,P003,S02,W02,140,140,2025-09-04 00:00:00
PO-2025-01079,2025-08-28 00:00:00,P012,S04,W01,60,51,2025-09-09 00:00:00
PO-2025-01080,2025-08-28 00:00:00,P017,S05,W05,430,430,2025-09-02 00:00:00
PO-2025-01081,2025-08-29 00:00:00,P001,S02,W04,120,120,2025-09-06 00:00:00
PO-2025-01082,30-08-2025,P009,S03,W02,50,48,2025-09-06 00:00:00
PO-2025-01083,30 Aug 2025,p024,S06,W04,210,0,2025-09-04 00:00:00
PO-2025-01084,2025-08-30 00:00:00,P026,S02,W01,190,190,2025-09-04 00:00:00
PO-2025-01085,2025-08-30 00:00:00,P026,S08,W03,130,130,
PO-2025-01086,2025-09-01 00:00:00,P001,S01,W05,70,70,2025-09-14 00:00:00
PO-2025-01087,2025-09-01 00:00:00,P002,S01,W01,60,60,2025-09-19 00:00:00
PO-2025-01088,2025-09-01 00:00:00,P003,S02,W03,100,82,2025-09-09 00:00:00
PO-2025-01089,2025-09-01 00:00:00,P004,S01,W03,110,110,2025-08-30 00:00:00
PO-2025-01090,2025-09-01 00:00:00,P007,S04,W02,60,60,2025-09-14 00:00:00
PO-2025-01091,2025-09-01 00:00:00,P012,S04,W05,40,40,2025-09-11 00:00:00
PO-2025-01092,2025-09-01 00:00:00,P015,S06,W01,690,690,2025-09-06 00:00:00
PO-2025-01093,01-09-2025,P016,s05,W03,330,330,2025-09-04 00:00:00
PO-2025-01094,2025-09-01 00:00:00,P017,S05,W03,360,360,2025-09-05 00:00:00
PO-2025-01095,2025-09-01 00:00:00,P018,S05,W02,540,540,2025-09-07 00:00:00
PO-2025-01096,2025-09-01 00:00:00,P021,S07,W05,180,180,2025-09-07 00:00:00
PO-2025-01097,2025-09-01 00:00:00,P023,S07,W02,130,118,2025-09-07 00:00:00
PO-2025-01098,2025-09-01 00:00:00,P024,S07,W03,130,130,2025-09-07 00:00:00
PO-2025-01099,2025-09-01 00:00:00,P028,S08,W01,100,100,2025-09-09 00:00:00
PO-2025-01100,2025-09-02 00:00:00,P016,S05,W01,340,340,2025-09-04 00:00:00
PO-2025-01101,2025-09-02 00:00:00,P030,S08,W03,250,250,2025-09-15 00:00:00
PO-2025-01102,2025-09-03 00:00:00,P004,S01,W01,140,140,2025-09-16 00:00:00
PO-2025-01103,2025-09-03 00:00:00,P009,S04,W04,60,60,
PO-2025-01104,2025-09-03 00:00:00,P014,S06,W01,250,250,2025-09-09 00:00:00
PO-2025-01105,2025-09-03 00:00:00,P014,S06,W05,270,270,
PO-2025-01106,2025-09-03 00:00:00,P024,S07,W05,160,160,2025-09-09 00:00:00
PO-2025-01107,2025-09-04 00:00:00,P007,S03,W04,30,30,2025-09-16 00:00:00
PO-2025-01108,2025-09-04 00:00:00,P008,S03,W03,40,40,2025-09-13 00:00:00
PO-2025-01109,2025-09-04 00:00:00,P011 ,S03,W05,60,60,2025-09-13 00:00:00
PO-2025-01110,04-09-2025,P014,S06,W04,250,250,2025-09-10 00:00:00
PO-2025-01111,2025-09-04 00:00:00,P025,S08,W03,210,210,2025-09-13 00:00:00
PO-2025-01112,2025-09-04 00:00:00,P028,S08,W02,320,320,2025-09-12 00:00:00
PO-2025-01113,2025-09-05 00:00:00,P002,S02,W05,80,80,2025-09-20 00:00:00
PO-2025-01114,2025-09-05 00:00:00,P015 ,s05,W05,260,260,2025-09-11 00:00:00
PO-2025-01115,2025-09-05 00:00:00,P018,S06,W03,480,480,2025-09-10 00:00:00
PO-2025-01116,2025-09-05 00:00:00,P023,S07,W01,220,220,2025-09-12 00:00:00
PO-2025-01117,2025-09-06 00:00:00,P003,s01,W01,60,60,2025-09-21 00:00:00
PO-2025-01118,2025-09-06 00:00:00,P005,S01,W01,60,60,2025-09-24 00:00:00
PO-2025-01119,2025-09-06 00:00:00,P011,S03,W04,40,40,2025-09-16 00:00:00
PO-2025-01120,06/09/2025,P015,S05,W04,220,220,2025-09-10 00:00:00
PO-2025-01121,06-09-2025,P017,S05,W02,410,394,09/09/2025
PO-2025-01122,2025-09-06 00:00:00,P025,S08,W02,160,,2025-09-14 00:00:00
PO-2025-01123,2025-09-08 00:00:00,P002,S01,W04,130,130,2025-10-01 00:00:00
PO-2025-01123,2025-09-08 00:00:00,P002,S01,W04,130,130,2025-10-01 00:00:00
PO-2025-01124,2025-09-08 00:00:00,P006,S01,W01,40,40,2025-10-05 00:00:00
PO-2025-01125,2025-09-08 00:00:00,P006,S01,W05,90,90,2025-09-26 00:00:00
PO-2025-01126,2025-09-08 00:00:00,P008,S03,W01,40,40,2025-09-18 00:00:00
PO-2025-01127,2025-09-08 00:00:00,P009,S04,W03,80,80,2025-10-02 00:00:00
PO-2025-01128,2025-09-08 00:00:00,P020,S07,W02,250,235,2025-09-19 00:00:00
PO-2025-01129,2025-09-08 00:00:00,P020,S07,W03,230,230,2025-09-13 00:00:00
PO-2025-01130,2025-09-08 00:00:00,P022,S07,W03,450,450,2025-09-14 00:00:00
PO-2025-01131,2025-09-08 00:00:00,P028,S08,W05,80,80,2025-09-16 00:00:00
PO-2025-01132,2025-09-08 00:00:00,P030,S08,W01,180,180,2025-09-22 00:00:00
PO-2025-01133,2025-09-09 00:00:00,P005,S01,W02,140,119,2025-09-30 00:00:00
PO-2025-01134,2025-09-09 00:00:00,P009,S03,W05,30,27,2025-09-17 00:00:00
PO-2025-01135,2025-09-09 00:00:00,P017,S05,W01,150,137,2025-09-13 00:00:00
PO-2025-01136,2025-09-09 00:00:00,P018,S05,W04,320,320,2025-09-14 00:00:00
PO-2025-01137,2025-09-09 00:00:00,P018,S05,W05,350,385,2025-09-14 00:00:00
PO-2025-01138,2025-09-09 00:00:00,P029,S08,W02,150,150,2025-09-19 00:00:00
PO-2025-01139,2025-09-10 00:00:00,P012,S03,W04,40,40,2025-09-21 00:00:00
PO-2025-01140,2025-09-10 00:00:00,P013,S05,W02,920,920,2025-09-12 00:00:00
PO-2025-01141,2025-09-10 00:00:00,P015,S05,W02,330,330,2025-09-15 00:00:00
PO-2025-01142,2025-09-11 00:00:00,P027,S08,W02,390,390,2025-09-22 00:00:00
PO-2025-01143,2025-09-11 00:00:00,P028,S08,W03,230,230,2025-09-21 00:00:00
PO-2025-01144,2025-09-12 00:00:00,P006,S01,W02,80,80,2025-10-05 00:00:00
PO-2025-01145,2025-09-12 00:00:00,P010,S03,W02,40,40,24/09/2025
PO-2025-01146,2025-09-12 00:00:00,P011,S03,W02,50,50,2025-09-21 00:00:00
PO-2025-01147,2025-09-12 00:00:00,P019,S07,W05,210,210,2025-09-17 00:00:00
PO-2025-01148,2025-09-12 00:00:00,P026,S08,W02,140,140,2025-09-21 00:00:00
PO-2025-01149,2025-09-13 00:00:00,p001,S01,W02,160,160,03/10/2025
PO-2025-01150,2025-09-13 00:00:00,P013,S05,W04,310,310,2025-09-18 00:00:00
PO-2025-01151,2025-09-13 00:00:00,P015,S05,W03,600,600,2025-09-15 00:00:00
PO-2025-01152,2025-09-13 00:00:00,P022,S07,W05,240,193,2025-09-19 00:00:00
PO-2025-01153,2025-09-13 00:00:00,P028,S08,W04,180,180,2025-09-22 00:00:00
PO-2025-01154,2025-09-13 00:00:00,P029,S08,W01,130,130,2025-09-23 00:00:00
PO-2025-01155,2025-09-15 00:00:00,P001,S02,W03,100,100,2025-09-21 00:00:00
PO-2025-01156,2025-09-15 00:00:00,P004,S01,W05,100,97,2025-10-06 00:00:00
PO-2025-01157,2025-09-15 00:00:00,P005,S02,W04,140,140,2025-09-23 00:00:00
PO-2025-01158,2025-09-15 00:00:00,P013,S05,W05,270,270,2025-09-19 00:00:00
PO-2025-01159,2025-09-15 00:00:00,P016,S05,W05,420,420,2025-09-20 00:00:00
PO-2025-01160,2025-09-15 00:00:00,P019,S07,W04,310,262,2025-09-22 00:00:00
PO-2025-01161,2025-09-15 00:00:00,P024,S07,,150,150,2025-09-21 00:00:00
PO-2025-01162,2025-09-15 00:00:00,P024,S07,W02,250,250,2025-09-21 00:00:00
PO-2025-01163,2025-09-15 00:00:00,P027,S08,W01,200,200,2025-09-21 00:00:00
PO-2025-01164,2025-09-16 00:00:00,P007,S04,W05,70,70,2025-09-25 00:00:00
PO-2025-01165,2025-09-16 00:00:00,P008,S03,W05,60,60,2025-09-25 00:00:00
PO-2025-01166,2025-09-16 00:00:00,P017,S05,W04,220,220,2025-09-21 00:00:00
PO-2025-01167,2025-09-16 00:00:00,P018,S05,W01,220,220,2025-09-18 00:00:00
PO-2025-01168,2025-09-16 00:00:00,P023,S07,W05,170,170,
PO-2025-01169,2025-09-17 00:00:00,P006,S01,W04,100,100,2025-10-05 00:00:00
PO-2025-01170,2025-09-17 00:00:00,P024,S07,W03,130,130,2025-09-23 00:00:00
PO-2025-01171,2025-09-17 00:00:00,P027,S08,W05,90,90,2025-09-23 00:00:00
PO-2025-01172,2025-09-18 00:00:00,P002,S02,W02,260,260,2025-09-25 00:00:00
PO-2025-01173,2025-09-18 00:00:00,P003,S01,W02,140,119,2025-10-13 00:00:00
PO-2025-01174,2025-09-18 00:00:00,P011,S03,W03,40,40,2025-09-28 00:00:00
PO-2025-01175,2025-09-18 00:00:00,P023,S07,W02,130,130,2025-09-25 00:00:00
PO-2025-01176,2025-09-19 00:00:00,P025,S08,W01,190,190,2025-09-26 00:00:00
PO-2025-01177,2025-09-19 00:00:00,P028,S08,W01,100,100,28-09-2025
PO-2025-01178,2025-09-20 00:00:00,P005,S02,W03,90,90,2025-09-28 00:00:00
PO-2025-01179,2025-09-20 00:00:00,P008,S03,W04,40,40,2025-10-01 00:00:00
PO-2025-01180,2025-09-20 00:00:00,P016,S05,W03,330,330,09/24/2025
PO-2025-01181,2025-09-20 00:00:00,P019,S07,W03,100,100,2025-09-28 00:00:00
PO-2025-01182,2025-09-22 00:00:00,P001,S01,W01,120,120,2025-10-11 00:00:00
PO-2025-01183,2025-09-22 00:00:00,P004,S01,W04,150,150,2025-10-07 00:00:00
PO-2025-01184,2025-09-22 00:00:00,P008 ,S04,W03,40,40,2025-10-02 00:00:00
PO-2025-01185,2025-09-22 00:00:00,P014,S06,W01,250,250,27-09-2025
PO-2025-01186,2025-09-22 00:00:00,P019,S07,W01,400,330,2025-09-29 00:00:00
PO-2025-01187,2025-09-22 00:00:00,P020,S07,W04,320,320,2025-09-29 00:00:00
PO-2025-01188,2025-09-22 00:00:00,P020,S06,W05,270,270,2025-09-28 00:00:00
PO-2025-01189,2025-09-22 00:00:00,P021,S07,W02,320,320,2025-09-28 00:00:00
PO-2025-01190,2025-09-22 00:00:00,P023,S07,W03,230,185,2025-09-27 00:00:00
PO-2025-01191,2025-09-22 00:00:00,P025,S08,W04,140,140,2025-09-30 00:00:00
PO-2025-01192,22/09/2025,P026,S08,W03,130,130,2025-10-05 00:00:00
PO-2025-01193,2025-09-23 00:00:00,P014,S05,W04,250,,2025-09-19 00:00:00
PO-2025-01194,2025-09-23 00:00:00,P019,S07,W02,390,390,2025-10-04 00:00:00
PO-2025-01195,2025-09-24 00:00:00,P009,S03,W01,70,65,2025-10-05 00:00:00
PO-2025-01196,2025-09-24 00:00:00,P014,S05,W05,270,270,2025-09-27 00:00:00
PO-2025-01197,2025-09-24 00:00:00,P017,S05,W03,360,360,2025-09-28 00:00:00
PO-2025-01198,2025-09-24 00:00:00,P029,S02,W04,200,200,2025-10-01 00:00:00
PO-2025-01199,2025-09-25 00:00:00,P025,s02,W05,250,250,2025-09-30 00:00:00
PO-2025-01200,2025-09-26 00:00:00,P009,S03,W02,50,50,2025-10-03 00:00:00
PO-2025-01201,2025-09-26 00:00:00,P021,S07,W04,570,570,02/10/2025
PO-2025-01202,2025-09-26 00:00:00,P022,S07,W04,250,227,2025-10-02 00:00:00
PO-2025-01203,2025-09-26 00:00:00,P024,S07,W05,160,160,2025-10-03 00:00:00
PO-2025-01204,2025-09-27 00:00:00,P006,S02,W03,140,140,2025-10-05 00:00:00
PO-2025-01205,2025-09-27 00:00:00,P017,S05,W05,430,352,2025-09-30 00:00:00
PO-2025-01206,2025-09-27 00:00:00,P024,S07,W04,210,176,2025-10-08 00:00:00
PO-2025-01207,2025-09-29 00:00:00,P003,S01,W01,60,51,2025-10-13 00:00:00
PO-2025-01208,2025-09-29 00:00:00,P003,S01,W03,100,100,2025-10-18 00:00:00
PO-2025-01209,2025-09-29 00:00:00,P008,S03,W02,60,60,2025-10-08 00:00:00
PO-2025-01210,2025-09-29 00:00:00,P011,S03,W01,70,70,2025-10-12 00:00:00
PO-2025-01211,2025-09-29 00:00:00,P017,S05,W01,150,150,2025-10-02 00:00:00
PO-2025-01212,2025-09-29 00:00:00,P018,S05,W03,480,480,2025-10-07 00:00:00
PO-2025-01213,2025-09-29 00:00:00,P021,S06,W01,240,240,2025-10-05 00:00:00
PO-2025-01214,2025-09-29 00:00:00,P021,S07,W05,180,180,2025-10-05 00:00:00
PO-2025-01215,2025-09-29 00:00:00,P022,S07,W01,370,370,2025-10-06 00:00:00
PO-2025-01216,2025-09-29 00:00:00,P023,S06,W05,170,170,2025-10-12 00:00:00
PO-2025-01217,2025-09-29 00:00:00,P027,S08,W04,270,270,2025-10-07 00:00:00
PO-2025-01218,2025-09-29 00:00:00,P029,S08,W02,150,150,2025-10-05 00:00:00
PO-2025-01219,2025-09-29 00:00:00,P030,S08,W03,250,244,2025-10-06 00:00:00
PO-2025-01220,29-Sep-25,P030,S02,W04,170,170,2025-10-05 00:00:00
PO-2025-01221,2025-09-30 00:00:00,P001,S01,W05,70,59,2025-10-23 00:00:00
PO-2025-01222,2025-10-01 00:00:00,P001,S01,W04,120,,2025-10-20 00:00:00
PO-2025-01223,2025-10-01 00:00:00,P004,S01,W03,110,110,2025-10-21 00:00:00
PO-2025-01224,2025-10-01 00:00:00,P016,S05,W01,340,340,2025-10-06 00:00:00
PO-2025-01225,2025-10-02 00:00:00,P005,S99,W02,140,140,2025-10-08 00:00:00
PO-2025-01226,2025-10-02 00:00:00,P008,S03,W01,40,38,2025-10-10 00:00:00
PO-2025-01227,2025-10-03 00:00:00,P005,S01,W01,60,60,08-11-2025
PO-2025-01228,03-10-2025,P012,S04,W01,60,60,2025-10-17 00:00:00
PO-2025-01229,2025-10-03 00:00:00,P015,S05,W04,220,202,2025-10-06 00:00:00
PO-2025-01230,2025-10-03 00:00:00,P024,S07,W01,150,150,2025-10-13 00:00:00
PO-2025-01231,2025-10-04 00:00:00,P005,S01,W05,100,100,2025-10-21 00:00:00
PO-2025-01232,2025-10-04 00:00:00,P006,S01,W05,90,90,2025-10-03 00:00:00
PO-2025-01233,2025-10-04 00:00:00,P007,S03,W02,60,60,2025-10-25 00:00:00
PO-2025-01234,2025-10-04 00:00:00,P016,S06,W04,220,220,2025-10-14 00:00:00
PO-2025-01235,2025-10-04 00:00:00,P023,S06,W02,130,130,2025-10-11 00:00:00
PO-2025-01236,2025-10-04 00:00:00,P024,S07,W03,130,130,2025-10-09 00:00:00
PO-2025-01237,2025-10-04 00:00:00,P025,S08,W02,160,160,2025-10-13 00:00:00
PO-2025-01238,2025-10-06 00:00:00,P002,S01,W01,60,60,2025-10-20 00:00:00
PO-2025-01239,2025-10-06 00:00:00,P002,S01,W03,160,160,2025-10-23 00:00:00
PO-2025-01240,2025-10-06 00:00:00,P002,S01,W04,130,111,2025-10-24 00:00:00
PO-2025-01241,2025-10-06 00:00:00,P006,S01,W01,40,38,2025-10-30 00:00:00
PO-2025-01242,2025-10-06 00:00:00,P009,S03,W05,30,30,2025-10-13 00:00:00
PO-2025-01243,2025-10-06 00:00:00,P012,S03,W04,40,40,2025-10-16 00:00:00
PO-2025-01244,2025-10-06 00:00:00,P016,S05,W03,330,330,2025-10-09 00:00:00
PO-2025-01245,2025-10-06 00:00:00,P018,S06,W02,540,540,2025-10-12 00:00:00
PO-2025-01246,2025-10-06 00:00:00,P025,S08,W03,210,210,2025-10-16 00:00:00
PO-2025-01247,2025-10-07 00:00:00,P001,S01,W02,160,160,2025-10-25 00:00:00
PO-2025-01248,2025-10-07 00:00:00,P004,S01,W01,140,140,24-Oct-25
PO-2025-01249,07/10/2025,P012,S03,W05,40,40,2025-10-03 00:00:00
PO-2025-01250,2025-10-07 00:00:00,P013,S05,W04,310,278,2025-10-10 00:00:00
PO-2025-01251,2025-10-07 00:00:00,P028,S08,W01,100,100,2025-10-21 00:00:00
PO-2025-01252,2025-10-08 00:00:00,P006,S01,,80,80,2025-10-27 00:00:00
PO-2025-01253,2025-10-08 00:00:00,P018,S05,W01,220,220,2025-10-13 00:00:00
PO-2025-01254,2025-10-08 00:00:00,P019,S07,W05,210,210,2025-10-15 00:00:00
PO-2025-01255,2025-10-08 00:00:00,P028,S08,W05,80,80,2025-10-15 00:00:00
PO-2025-01256,2025-10-09 00:00:00,P003,S02,W02,140,140,2025-10-15 00:00:00
PO-2025-01257,2025-10-09 00:00:00,P006,S01,W04,100,100,2025-10-25 00:00:00
PO-2025-01258,2025-10-09 00:00:00,P008,S03,W03,40,40,2025-10-20 00:00:00
PO-2025-01259,2025-10-09 00:00:00,P013,S05,W05,270,270,2025-10-11 00:00:00
PO-2025-01260,2025-10-09 00:00:00,P018,S05,W05,350,350,2025-10-12 00:00:00
PO-2025-01261,2025-10-09 00:00:00,P019,S07,W04,310,310,2025-10-14 00:00:00
PO-2025-01262,2025-10-09 00:00:00,P024,S07,W02,250,250,2025-10-15 00:00:00
PO-2025-01263,2025-10-09 00:00:00,P027,S08,W05,90,90,2025-10-17 00:00:00
PO-2025-01264,2025-10-10 00:00:00,P011,s03,W04,40,40,2025-10-20 00:00:00
PO-2025-01265,2025-10-10 00:00:00,P014,S05,W01,250,232,2025-10-13 00:00:00
PO-2025-01266,2025-10-10 00:00:00,P014,S05,W04,250,250,2025-10-15 00:00:00
PO-2025-01267,2025-10-10 00:00:00,P014,S05,W05,270,270,2025-10-14 00:00:00
PO-2025-01268,2025-10-10 00:00:00,P022,S07,W05,240,240,2025-10-19 00:00:00
PO-2025-01269,2025-10-10 00:00:00,P023,S07,W01,220,220,2025-10-15 00:00:00
PO-2025-01270,2025-10-11 00:00:00,P007,S03,W04,30,30,2025-10-19 00:00:00
PO-2025-01271,2025-10-11 00:00:00,P009,S03,W04,60,51,
PO-2025-01272,2025-10-11 00:00:00,P017,S05,W02,410,362,10/20/2025
PO-2025-01273,2025-10-13 00:00:00,P004,S01,W05,100,,2025-11-01 00:00:00
PO-2025-01274,2025-10-13 00:00:00,P005,S02,W03,90,82,2025-10-20 00:00:00
PO-2025-01275,2025-10-13 00:00:00,P005,S02,W04,140,140,2025-10-20 00:00:00
PO-2025-01276,2025-10-13 00:00:00,P008,S03,W04,40,33,2025-10-22 00:00:00
PO-2025-01277,13-Oct-25,P010,S03,W05,20,20,2025-10-24 00:00:00
PO-2025-01278,2025-10-13 00:00:00,P015,S05,W02,330,330,2025-10-17 00:00:00
PO-2025-01279,2025-10-13 00:00:00,P015,S05,W03,600,600,2025-10-16 00:00:00
PO-2025-01280,2025-10-13 00:00:00,P016,S06,W05,420,352,2025-10-19 00:00:00
PO-2025-01281,2025-10-13 00:00:00,P017,S05,W03,360,360,2025-10-17 00:00:00
PO-2025-01282,2025-10-13 00:00:00,P018,S06,W04,320,0,2025-10-20 00:00:00
PO-2025-01283,13-10-2025,P020,S06,W02,250,244,2025-10-21 00:00:00
PO-2025-01284,2025-10-13 00:00:00,P026,S08,W01,190,168,2025-10-22 00:00:00
PO-2025-01285,2025-10-13 00:00:00,P026,S08,W03,130,130,2025-10-21 00:00:00
PO-2025-01286,2025-10-13 00:00:00,P028,S02,W02,320,320,2025-10-20 00:00:00
PO-2025-01287,2025-10-13 00:00:00,P028,S08,W03,230,230,2025-10-21 00:00:00
PO-2025-01288,2025-10-13 00:00:00,P029,S02,W01,130,130,2025-10-22 00:00:00
PO-2025-01289,2025-10-14 00:00:00,P002,S01,W05,80,80,2025-11-03 00:00:00
PO-2025-01290,2025-10-14 00:00:00,P003,S01,W01,60,60,2025-11-05 00:00:00
PO-2025-01291,2025-10-14 00:00:00,P006,S01,W03,140,,2025-11-03 00:00:00
PO-2025-01292,2025-10-14 00:00:00,P022,S07,W03,450,450,2025-10-20 00:00:00
PO-2025-01293,2025-10-14 00:00:00,P024,S07,W04,210,210,2025-10-26 00:00:00
PO-2025-01294,2025-10-15 00:00:00,P002,S01,W02,260,260,2025-10-31 00:00:00
PO-2025-01295,2025-10-15 00:00:00,P009,s03,W01,70,70,2025-10-25 00:00:00
PO-2025-01296,2025-10-15 00:00:00,P015,S05,W01,690,690,2025-10-19 00:00:00
PO-2025-01297,2025-10-15 00:00:00,P020,S07,W03,230,230,2025-10-20 00:00:00
PO-2025-01298,2025-10-16 00:00:00,P010,S03,W04,80,80,10/23/2025
PO-2025-01299,2025-10-16 00:00:00,P013,S05,W02,920,920,2025-10-21 00:00:00
PO-2025-01300,2025-10-16 00:00:00,P015,S06,W05,260,260,2025-10-22 00:00:00
PO-2025-01301,2025-10-16 00:00:00,P026,S08,W02,140,140,2025-10-25 00:00:00
PO-2025-01302,2025-10-16 00:00:00,P027,s08,W01,200,200,2025-10-23 00:00:00
PO-2025-01303,2025-10-17 00:00:00,P007,S03,W05,70,70,2025-10-27 00:00:00
PO-2025-01304,2025-10-17 00:00:00,P008,S04,W01,40,44,2025-11-13 00:00:00
PO-2025-01304,2025-10-17 00:00:00,P008,S04,W01,40,44,2025-11-13 00:00:00
PO-2025-01305,17-10-2025,P009,S04,W03,80,80,2025-10-29 00:00:00
PO-2025-01306,2025-10-17 00:00:00,P017,S05,W01,150,150,2025-10-22 00:00:00
PO-2025-01307,2025-10-17 00:00:00,P024,S06,W05,160,160,2025-10-23 00:00:00
PO-2025-01308,2025-10-18 00:00:00,P001,S02,W03,100,100,2025-10-25 00:00:00
PO-2025-01309,2025-10-18 00:00:00,p001,S01,W05,70,70,2025-11-02 00:00:00
PO-2025-01310,2025-10-18 00:00:00,P002,S01,W04,130,130,2025-11-02 00:00:00
PO-2025-01311,2025-10-18 00:00:00,P009,S03,W02,50,50,2025-10-17 00:00:00
PO-2025-01312,2025-10-18 00:00:00,P017,S05,W05,430,0,2025-10-22 00:00:00
PO-2025-01313,2025-10-18 00:00:00,P019,S07,W03,100,100,2025-10-22 00:00:00
PO-2025-01314,2025-10-18 00:00:00,P025,S08,W04,140,140,2025-10-26 00:00:00
PO-2025-01315,2025-10-20 00:00:00,P008,S03,W02,60,60,2025-11-01 00:00:00
PO-2025-01316,2025-10-20 00:00:00,P010,S04,W02,40,36,03-11-2025
PO-2025-01317,2025-10-20 00:00:00,P016,S05,W03,330,330,2025-10-25 00:00:00
PO-2025-01318,2025-10-20 00:00:00,P019,S07,W02,390,390,2025-10-26 00:00:00
PO-2025-01319,2025-10-20 00:00:00,P021,S07,W05,180,144,2025-11-02 00:00:00
PO-2025-01320,2025-10-20 00:00:00,P023,S07,W02,130,130,2025-10-25 00:00:00
PO-2025-01321,2025-10-20 00:00:00,P023,S07,W03,230,230,2025-10-25 00:00:00
PO-2025-01322,2025-10-20 00:00:00,P027,S08,W02,390,390,2025-10-27 00:00:00
PO-2025-01323,20/10/2025,P028,S08,W04,180,147,2025-10-29 00:00:00
PO-2025-01324,2025-10-20 00:00:00,P029,S02,W02,150,140,2025-11-02 00:00:00
PO-2025-01325,2025-10-21 00:00:00,P012,S03,W04,40,40,2025-10-31 00:00:00
PO-2025-01326,2025-10-21 00:00:00,P023,S06,W05,170,170,2025-10-27 00:00:00
PO-2025-01327,2025-10-22 00:00:00,P001,S01,W01,120,114,2025-11-10 00:00:00
PO-2025-01328,22-10-2025,P003,S02,W02,140,140,2025-11-01 00:00:00
PO-2025-01329,2025-10-22 00:00:00,P004,S02,W03,110,110,2025-10-29 00:00:00
PO-2025-01330,2025-10-22 00:00:00,P005,S01,W02,140,140,2025-11-21 00:00:00
PO-2025-01331,2025-10-22 00:00:00,P017,S05,W04,220,220,2025-10-26 00:00:00
PO-2025-01332,2025-10-22 00:00:00,P020,S07,W05,270,270,28-10-2025
PO-2025-01333,2025-10-22 00:00:00,P030,S08,W01,180,180,2025-10-27 00:00:00
PO-2025-01334,2025-10-23 00:00:00,P003,S02,W03,100,100,2025-10-28 00:00:00
PO-2025-01335,2025-10-23 00:00:00,P021,S07,W02,320,320,2025-10-30 00:00:00
PO-2025-01336,2025-10-23 00:00:00,P021,S06,W04,570,570,2025-10-30 00:00:00
PO-2025-01337,23/10/2025,P024,S07,W03,130,130,2025-10-27 00:00:00
PO-2025-01338,2025-10-24 00:00:00,P004,S02,W04,150,150,2025-10-31 00:00:00
PO-2025-01339,2025-10-24 00:00:00,P008,S03,W05,60,60,2025-11-08 00:00:00
PO-2025-01340,2025-10-24 00:00:00,P011,S03,W05,60,60,2025-11-02 00:00:00
PO-2025-01341,2025-10-24 00:00:00,P019,S07,W01,400,400,2025-10-31 00:00:00
PO-2025-01342,2025-10-24 00:00:00,P024,S06,W01,150,150,2025-10-31 00:00:00
PO-2025-01342,2025-10-24 00:00:00,P024,S06,W01,150,150,2025-10-31 00:00:00
PO-2025-01343,2025-10-25 00:00:00,P007,S03,W04,30,30,2025-11-03 00:00:00
PO-2025-01344,2025-10-25 00:00:00,P008,S03,W04,40,36,2025-11-03 00:00:00
PO-2025-01345,2025-10-25 00:00:00,P010 ,S04,W03,90,90,2025-11-03 00:00:00
PO-2025-01346,2025-10-25 00:00:00,P018,S06,W03,480,480,2025-10-30 00:00:00
PO-2025-01347,2025-10-27 00:00:00,P004,S01,W01,140,140,2025-11-17 00:00:00
PO-2025-01348,2025-10-27 00:00:00,P005,S01,W05,100,100,2025-11-12 00:00:00
PO-2025-01349,2025-10-27 00:00:00,P013,S06,W04,310,310,2025-11-05 00:00:00
PO-2025-01350,2025-10-27 00:00:00,P014,S05,W01,250,250,2025/10/31
PO-2025-01351,2025-10-27 00:00:00,P014,S06,W04,250,250,2025-11-02 00:00:00
PO-2025-01352,2025-10-27 00:00:00,P014,S05,W05,270,270,2025-10-30 00:00:00
PO-2025-01353,2025-10-27 00:00:00,P015,S05,W04,220,220,2025-10-31 00:00:00
PO-2025-01354,2025-10-27 00:00:00,P016,S05,W01,340,322,2025-10-31 00:00:00
PO-2025-01355,2025-10-27 00:00:00,P020,S07,W04,320,296,2025-11-01 00:00:00
PO-2025-01356,2025-10-27 00:00:00,P028,S08,W01,100,100,2025-11-14 00:00:00
PO-2025-01357,2025-10-27 00:00:00,P030,S02,W03,250,207,2025-11-01 00:00:00
PO-2025-01358,2025-10-28 00:00:00,P006,S01,W04,100,100,2025-11-17 00:00:00
PO-2025-01359,2025-10-28 00:00:00,P009,S03,W05,30,30,2025-11-07 00:00:00
PO-2025-01360,2025-10-28 00:00:00,P017,S05,W03,360,360,2025-11-03 00:00:00
PO-2025-01361,2025-10-28 00:00:00,P022,S07,W04,250,250,2025-11-03 00:00:00
PO-2025-01362,2025-10-29 00:00:00,P012,S04,W05,40,40,2025-11-13 00:00:00
PO-2025-01363,2025-10-29 00:00:00,P025,S08,W05,250,250,06/11/2025
PO-2025-01364,2025-10-29 00:00:00,P028,S08,W05,80,80,2025-11-05 00:00:00
PO-2025-01365,2025-10-30 00:00:00,P002,S01,W03,160,130,2025-11-16 00:00:00
PO-2025-01366,30-10-2025,P006,S01,W01,40,40,2025-11-17 00:00:00
PO-2025-01367,30-10-2025,P006,S01,W02,80,74,2025-11-15 00:00:00
PO-2025-01368,2025-10-30 00:00:00,P006,S02,W05,90,90,05/11/2025
PO-2025-01369,2025-10-30 00:00:00,P011,S03,W02,50,50,2025-11-06 00:00:00
PO-2025-01370,2025-10-30 00:00:00,P018,S05,W01,220,220,2025-11-01 00:00:00
PO-2025-01371,2025-10-30 00:00:00,P025,S08,W02,160,160,2025/11/07
PO-2025-01372,2025-10-31 00:00:00,P007,S03,W02,60,60,2025-11-09 00:00:00
PO-2025-01373,2025-10-31 00:00:00,P009,S03,W01,70,70,2025-11-12 00:00:00
PO-2025-01374,2025-10-31 00:00:00,P024,S07,W02,250,250,2025-11-05 00:00:00
PO-2025-01375,2025-11-01 00:00:00,P003,S02,W01,60,60,2025-11-08 00:00:00
PO-2025-01376,2025-11-01 00:00:00,P004,S01,W05,100,100,21 Nov 2025
PO-2025-01377,2025-11-01 00:00:00,P008,S03,W03,40,39,2025-11-12 00:00:00
PO-2025-01378,2025-11-01 00:00:00,P017,S05,W01,150,137,2025-11-05 00:00:00
PO-2025-01379,2025-11-01 00:00:00,P025,S02,W01,190,190,2025-11-09 00:00:00
PO-2025-01380,2025-11-01 00:00:00,P026,S08,W03,130,130,2025-11-18 00:00:00
PO-2025-01381,2025-11-03 00:00:00,P001,S01,W04,120,120,2025-11-15 00:00:00
PO-2025-01382,2025-11-03 00:00:00,P005,S02,W03,90,90,2025-11-10 00:00:00
PO-2025-01383,2025-11-03 00:00:00,P009,S03,W02,50,50,12-Nov-25
PO-2025-01384,2025-11-03 00:00:00,P012,S03,W01,60,60,2025-11-17 00:00:00
PO-2025-01385,2025-11-03 00:00:00,P013,S05,W05,270,270,2025-11-06 00:00:00
PO-2025-01386,2025-11-03 00:00:00,P016,S05,W03,330,320,2025-11-06 00:00:00
PO-2025-01387,2025-11-03 00:00:00,P019,S06,W05,210,210,2025-11-09 00:00:00
PO-2025-01388,2025-11-03 00:00:00,P022,S07,W01,370,370,2025-11-08 00:00:00
PO-2025-01389,2025-11-03 00:00:00,P024,S06,W04,210,210,2025-11-10 00:00:00
PO-2025-01390,2025-11-03 00:00:00,P024,S06,W05,160,160,2025-11-09 00:00:00
PO-2025-01391,2025-11-03 00:00:00,P025,S08,W03,210,210,2025-11-11 00:00:00
PO-2025-01392,2025-11-03 00:00:00,P029,S08,W04,200,200,2025-11-18 00:00:00
PO-2025-01392,2025-11-03 00:00:00,P029,S08,W04,200,200,2025-11-18 00:00:00
PO-2025-01393,2025-11-03 00:00:00,P030,S08,W04,170,170,2025-11-08 00:00:00
PO-2025-01394,2025-11-04 00:00:00,P001,S01,W02,160,160,2025-11-23 00:00:00
PO-2025-01395,2025-11-04 00:00:00,P004,S01,W03,110,110,2025-11-25 00:00:00
PO-2025-01396,04 Nov 2025,P005,S01,W04,140,117,2025-11-21 00:00:00
PO-2025-01397,2025-11-04 00:00:00,P009,S04,W04,60,60,2025-11-14 00:00:00
PO-2025-01398,2025-11-04 00:00:00,P010,S04,W05,20,20,2025/11/15
PO-2025-01399,2025-11-05 00:00:00,P010,S03,W02,40,40,11/13/2025
PO-2025-01400,2025-11-05 00:00:00,P010,S03,W04,80,80,2025-11-12 00:00:00
PO-2025-01401,2025-11-05 00:00:00,P019,S07,W04,310,310,2025-11-10 00:00:00
PO-2025-01402,2025-11-05 00:00:00,P023,S06,W01,220,220,2025-11-11 00:00:00
PO-2025-01403,2025/11/05,P025,S08,W04,140,140,2025-11-14 00:00:00
PO-2025-01404,2025-11-05 00:00:00,P027,S02,W05,90,90,2025-11-13 00:00:00
PO-2025-01405,2025-11-06 00:00:00,P003,S02,W02,140,140,2025-11-11 00:00:00
PO-2025-01406,2025-11-06 00:00:00,P007,S03,W04,30,30,2025-11-16 00:00:00
PO-2025-01407,2025-11-06 00:00:00,P023,S07,W02,130,130,2025-11-11 00:00:00
PO-2025-01408,07/11/2025,P001,S01,W05,70,70,2025-11-29 00:00:00
PO-2025-01409,2025-11-07 00:00:00,P002,S01,W04,130,130,2025-12-11 00:00:00
PO-2025-01410,2025-11-07 00:00:00,P016,S05,W05,420,420,2025-11-12 00:00:00
PO-2025-01411,2025-11-07 00:00:00,P026 ,S08,W01,190,190,2025-11-16 00:00:00
PO-2025-01412,2025-11-08 00:00:00,P005,S01,W01,60,60,2025-12-18 00:00:00
PO-2025-01413,2025-11-08 00:00:00,P009,S03,W03,80,80,2025-11-20 00:00:00
PO-2025-01414,2025-11-08 00:00:00,P012,S03,W04,40,40,2025-11-14 00:00:00
PO-2025-01415,2025-11-08 00:00:00,P018,S05,W02,540,540,2025-11-12 00:00:00
PO-2025-01416,2025-11-08 00:00:00,P021,S07,W01,240,240,2025-11-13 00:00:00
PO-2025-01417,2025-11-10 00:00:00,P006,S01,W03,140,140,2025-12-08 00:00:00
PO-2025-01418,2025-11-10 00:00:00,P015,S05,W03,600,600,2025-11-15 00:00:00
PO-2025-01419,2025-11-10 00:00:00,P017,S05,W02,410,0,2025-11-15 00:00:00
PO-2025-01420,2025-11-10 00:00:00,P021,S07,W05,180,175,2025-11-19 00:00:00
PO-2025-01421,2025-11-10 00:00:00,P023,S07,W05,170,170,2025-11-15 00:00:00
PO-2025-01422,2025-11-10 00:00:00,P027,S08,W04,270,270,2025-11-20 00:00:00
PO-2025-01423,2025-11-10 00:00:00,P029,S08,W01,130,130,2025-11-16 00:00:00
PO-2025-01424,2025-11-11 00:00:00,P014,S05,W05,270,270,2025-11-15 00:00:00
PO-2025-01425,2025-11-11 00:00:00,P016,S05,W04,220,193,2025-11-14 00:00:00
PO-2025-01426,2025-11-11 00:00:00,P022,S07,W05,240,240,2025-11-17 00:00:00
PO-2025-01427,2025-11-11 00:00:00,P029,S08,W02,150,150,2025-11-19 00:00:00
PO-2025-01428,2025-11-12 00:00:00,P019,S07,W03,100,100,2025-11-19 00:00:00
PO-2025-01429,2025-11-12 00:00:00,P022,S07,W03,450,450,2025-11-19 00:00:00
PO-2025-01430,2025-11-12 00:00:00,P023,S07,W03,230,230,2025-11-18 00:00:00
PO-2025-01431,2025-11-12 00:00:00,P024,S07,W03,130,130,2025-11-19 00:00:00
PO-2025-01432,2025-11-13 00:00:00,P010,S03,W02,40,34,2025-12-02 00:00:00
PO-2025-01433,2025-11-13 00:00:00,P014,S05,W04,250,250,2025-11-17 00:00:00
PO-2025-01434,2025-11-13 00:00:00,P017,S06,W03,360,,2025-11-20 00:00:00
PO-2025-01435,2025-11-13 00:00:00,P018,S05,W04,320,,17-11-2025
PO-2025-01436,2025-11-13 00:00:00,P020,S07,W02,250,250,2025-11-20 00:00:00
PO-2025-01437,2025-11-14 00:00:00,P001,S01,W03,100,100,2025-11-29 00:00:00
PO-2025-01438,2025-11-14 00:00:00,P002,S01,W05,80,80,2025-12-01 00:00:00
PO-2025-01439,2025-11-14 00:00:00,P005,S01,W02,140,140,2025-12-04 00:00:00
PO-2025-01440,2025-11-14 00:00:00,P008,S03,W04,40,35,2025-11-27 00:00:00
PO-2025-01441,2025-11-14 00:00:00,P010,S03,W03,90,90,2025-11-25 00:00:00
PO-2025-01442,2025-11-15 00:00:00,P001,S01,W01,120,120,2025-11-29 00:00:00
PO-2025-01443,2025-11-15 00:00:00,P009,S03,W05,30,30,2025-12-04 00:00:00
PO-2025-01444,2025-11-15 00:00:00,P017,S05,W05,430,430,2025-11-18 00:00:00
PO-2025-01445,2025-11-15 00:00:00,P018,S06,W05,350,317,2025-11-19 00:00:00
PO-2025-01446,2025-11-17 00:00:00,P002,S01,W02,260,260,2025-12-04 00:00:00
PO-2025-01447,2025-11-17 00:00:00,P004,S01,W05,100,100,2025-12-02 00:00:00
PO-2025-01448,2025-11-17 00:00:00,P006,S01,W02,80,80,2025-12-05 00:00:00
PO-2025-01449,2025-11-17 00:00:00,P006,S01,W04,100,100,2025-12-03 00:00:00
PO-2025-01450,2025-11-17 00:00:00,P014,S05,W01,250,250,2025-11-22 00:00:00
PO-2025-01451,2025-11-17 00:00:00,P016,S05,W03,330,330,2025-11-19 00:00:00
PO-2025-01452,2025-11-17 00:00:00,P024,S07,W01,150,150,2025-11-21 00:00:00
PO-2025-01453,2025-11-17 00:00:00,P028,S08,W01,100,100,2025-11-28 00:00:00
PO-2025-01454,2025-11-17 00:00:00,P028,S08,W03,230,230,2025-11-26 00:00:00
PO-2025-01455,2025-11-18 00:00:00,P003,S01,W03,100,100,2025-12-09 00:00:00
PO-2025-01456,2025-11-18 00:00:00,P004,S01,W04,150,150,2025-12-25 00:00:00
PO-2025-01457,2025-11-18 00:00:00,P013,S05,W02,920,920,2025-11-25 00:00:00
PO-2025-01458,2025-11-18 00:00:00,P016,S05,W01,340,340,2025-11-25 00:00:00
PO-2025-01459,2025-11-18 00:00:00,P020,S06,W03,230,230,2025-11-26 00:00:00
PO-2025-01460,18 Nov 2025,P027,S08,W01,200,172,2025-11-25 00:00:00
PO-2025-01461,2025-11-18 00:00:00,P028,S08,W04,180,180,2025-11-30 00:00:00
PO-2025-01462,2025-11-19 00:00:00,P003,S01,W01,60,60,2025-12-07 00:00:00
PO-2025-01463,19-11-2025,P006,S01,W01,40,40,2025-12-06 00:00:00
PO-2025-01464,2025-11-19 00:00:00,P008,S03,W03,40,40,2025-12-07 00:00:00
PO-2025-01465,2025-11-19 00:00:00,P015,S05,W02,330,330,2025-11-22 00:00:00
PO-2025-01466,2025-11-19 00:00:00,P015,S05,W05,260,260,24-11-2025
PO-2025-01467,2025-11-19 00:00:00,P019,S07,W02,390,390,2025-11-25 00:00:00
PO-2025-01468,2025-11-19 00:00:00,P024,S07,,160,160,2025-11-24 00:00:00
PO-2025-01469,2025-11-19 00:00:00,P028,S02,W05,80,80,2025-11-26 00:00:00
PO-2025-01470,2025-11-20 00:00:00,P002,S02,W01,60,48,2025-11-27 00:00:00
PO-2025-01471,2025-11-20 00:00:00,P004,S01,W01,140,140,2025-12-08 00:00:00
PO-2025-01472,2025-11-20 00:00:00,P005,S01,W05,100,100,2025-12-03 00:00:00
PO-2025-01473,2025-11-20 00:00:00,P009,S03,W01,70,59,2025-12-04 00:00:00
PO-2025-01474,2025-11-20 00:00:00,P010,S03,W05,20,22,2025-11-29 00:00:00
PO-2025-01475,2025-11-20 00:00:00,P017,S05,W01,150,150,2025-11-27 00:00:00
PO-2025-01476,2025-11-20 00:00:00,P018,S05,W01,220,220,2025-11-16 00:00:00
PO-2025-01477,2025-11-20 00:00:00,P018,S05,W03,480,480,2025-11-24 00:00:00
PO-2025-01478,2025-11-20 00:00:00,P024,S07,W04,210,210,2025-11-27 00:00:00
PO-2025-01479,2025-11-21 00:00:00,P003,S01,W02,140,140,2025-12-12 00:00:00
PO-2025-01480,2025-11-21 00:00:00,P009,S04,W02,50,50,2025-12-03 00:00:00
PO-2025-01481,2025-11-21 00:00:00,P015,S05,W01,690,,2025-11-26 00:00:00
PO-2025-01482,2025-11-21 00:00:00,P021,S07,W04,570,570,2025-11-27 00:00:00
PO-2025-01483,2025-11-22 00:00:00,P001,S01,W05,70,70,2025-12-29 00:00:00
PO-2025-01484,2025-11-22 00:00:00,P002,S02,W04,130,130,2025-11-30 00:00:00
PO-2025-01485,2025-11-22 00:00:00,P007,S03,W04,30,30,2025-12-04 00:00:00
PO-2025-01486,2025-11-22 00:00:00,P008,S03,W02,60,60,2025-12-02 00:00:00
PO-2025-01487,22-11-2025,P024,S07,W02,250,275,2025-11-28 00:00:00
PO-2025-01488,2025-11-22 00:00:00,P025,S08,W02,160,160,01-12-2025
PO-2025-01489,2025-11-24 00:00:00,P002,S01,W03,160,160,2025-12-17 00:00:00
PO-2025-01490,2025-11-24 00:00:00,P005,S01,W04,140,140,2025-12-09 00:00:00
PO-2025-01491,2025-11-24 00:00:00,P007,S03,W05,70,70,05/12/2025
PO-2025-01492,2025-11-24 00:00:00,P009,S03,W04,60,60,2025-12-04 00:00:00
PO-2025-01493,2025-11-24 00:00:00,P013,S05,W04,310,310,2025-11-30 00:00:00
PO-2025-01494,2025-11-24 00:00:00,P020,S07,W05,270,270,2025-11-30 00:00:00
PO-2025-01495,2025-11-24 00:00:00,P021,S07,W02,320,320,2025-11-29 00:00:00
PO-2025-01496,2025-11-24 00:00:00,P022,S07,W04,250,250,2025-12-01 00:00:00
PO-2025-01497,2025-11-24 00:00:00,P027,S02,W02,390,390,2025-12-03 00:00:00
PO-2025-01498,2025-11-24 00:00:00,P027,S02,W05,90,90,2025-12-02 00:00:00
PO-2025-01499,2025-11-24 00:00:00,P028,S08,W02,320,320,2025-11-30 00:00:00
PO-2025-01500,2025-11-24 00:00:00,P030,S02,W03,250,250,2025-12-01 00:00:00
PO-2025-01501,2025-11-25 00:00:00,P010,S04,W04,80,76,2025-12-07 00:00:00
PO-2025-01502,2025-11-25 00:00:00,P012,S03,W05,40,40,2025-12-09 00:00:00
PO-2025-01503,2025-11-25 00:00:00,P014,S05,W05,270,270,30-11-2025
PO-2025-01504,2025-11-25 00:00:00,P023,S07,W05,170,170,2025-11-30 00:00:00
PO-2025-01505,2025-11-26 00:00:00,P008,S04,W01,40,40,2025-12-05 00:00:00
PO-2025-01506,2025-11-26 00:00:00,P015,S05,W04,220,220,2025-12-01 00:00:00
PO-2025-01507,26-11-2025,P017,S05,W04,220,,2025-12-01 00:00:00
PO-2025-01508,2025-11-26 00:00:00,P019,S06,W05,210,210,2025-12-01 00:00:00
PO-2025-01509,2025-11-27 00:00:00,P001,S01,W02,160,156,14-12-2025
PO-2025-01510,2025-11-27 00:00:00,P013,S05,W05,270,270,2025-12-01 00:00:00
PO-2025-01511,2025-11-27 00:00:00,P030,S08,W01,180,180,2025-12-07 00:00:00
PO-2025-01512,2025-11-28 00:00:00,P004,S01,W03,110,110,2025-12-15 00:00:00
PO-2025-01513,2025-11-28 00:00:00,P005,S01,W03,90,77,2025-12-16 00:00:00
PO-2025-01514,2025-11-28 00:00:00,P006,S01,W05,90,90,2025-12-16 00:00:00
PO-2025-01515,2025-11-28 00:00:00,P024,S07,W03,130,130,2025-12-03 00:00:00
PO-2025-01516,2025-11-29 00:00:00,P008,S03,W04,40,40,2025-12-08 00:00:00
PO-2025-01517,2025-11-29 00:00:00,P008,S03,W05,60,60,2025-12-07 00:00:00
PO-2025-01518,29-11-2025,P011,S03,W03,40,40,2025-12-16 00:00:00
PO-2025-01519,2025-11-29 00:00:00,P012,S04,W01,60,56,2025-12-08 00:00:00
PO-2025-01520,2025-11-29 00:00:00,P025,S08,W03,210,210,12/09/2025
PO-2025-01521,2025-11-29 00:00:00,P026,S08,W03,130,105,2025-12-06 00:00:00
PO-2025-01522,2025-12-01 00:00:00,P010,S03,W03,90,85,2025-12-20 00:00:00
PO-2025-01523,2025-12-01 00:00:00,P011,S03,W01,70,70,2025-12-11 00:00:00
PO-2025-01524,01/12/2025,P012,S03,W04,40,33,2025-12-13 00:00:00
PO-2025-01525,2025-12-01 00:00:00,P014,S05,W04,250,250,2025-12-04 00:00:00
PO-2025-01526,2025-12-01 00:00:00,P017,S05,W03,360,360,2025-12-06 00:00:00
PO-2025-01527,2025-12-01 00:00:00,P019,S07,W01,400,400,08/12/2025
PO-2025-01528,2025-12-01 00:00:00,P019,S07,W03,100,100,2025-12-06 00:00:00
PO-2025-01529,2025-12-01 00:00:00,P019,S06,W04,310,273,12/05/2025
PO-2025-01530,2025-12-01 00:00:00,P020,S07,W04,320,287,2025-12-12 00:00:00
PO-2025-01531,2025-12-01 00:00:00,P023,S06,W02,130,130,2025-12-07 00:00:00
PO-2025-01532,2025-12-01 00:00:00,P026,S08,W02,140,140,2025-12-10 00:00:00
PO-2025-01533,2025-12-02 00:00:00,P010,S03,W02,40,40,2025-12-23 00:00:00
PO-2025-01534,2025-12-03 00:00:00,P006,S01,W04,100,0,2025-12-22 00:00:00
PO-2025-01535,2025-12-03 00:00:00,P025,S02,W04,140,140,2025-12-11 00:00:00
PO-2025-01536,2025-12-04 00:00:00,P025,S08,W05,250,217,2025-12-12 00:00:00
PO-2025-01537,2025-12-05 00:00:00,P014,S05,W01,250,250,2025-12-09 00:00:00
PO-2025-01538,2025-12-05 00:00:00,P016,S05,W05,420,420,2025-12-07 00:00:00
PO-2025-01539,2025-12-05 00:00:00,P023,S07,W01,220,220,2025-12-12 00:00:00
PO-2025-01540,2025-12-06 00:00:00,P003,S01,W02,140,140,2025-12-23 00:00:00
PO-2025-01541,2025-12-06 00:00:00,P010,S03,W05,20,20,2025-12-16 00:00:00
PO-2025-01542,2025-12-06 00:00:00,P016,S05,W03,330,302,11-12-2025
PO-2025-01543,2025-12-06 00:00:00,P028,S08,W01,100,85,2025-12-14 00:00:00
PO-2025-01544,2025-12-06 00:00:00,P029,S08,W02,150,150,2025-12-14 00:00:00
PO-2025-01545,2025-12-08 00:00:00,P001,S02,W04,120,114,2025-12-15 00:00:00
PO-2025-01546,2025-12-08 00:00:00,P001,S01,W05,70,70,2025-12-24 00:00:00
PO-2025-01547,2025-12-08 00:00:00,P004,S01,W05,100,100,2025-12-31 00:00:00
PO-2025-01548,2025-12-08 00:00:00,P007,S04,W02,60,60,2025-12-23 00:00:00
PO-2025-01549,2025-12-08 00:00:00,P015,S05,W03,600,600,2025-12-11 00:00:00
PO-2025-01550,2025-12-08 00:00:00,P023,S07,W03,230,230,2025-12-13 00:00:00
PO-2025-01551,2025-12-08 00:00:00,P024,S07,W01,150,150,2025-12-13 00:00:00
PO-2025-01552,2025-12-08 00:00:00,P024,S07,W04,210,210,2025-12-13 00:00:00
PO-2025-01553,2025-12-09 00:00:00,P006,S01,W02,80,70,2025-12-30 00:00:00
PO-2025-01554,2025-12-09 00:00:00,P024,S07,W05,160,160,2025-12-19 00:00:00
PO-2025-01555,2025-12-09 00:00:00,P026,S08,W03,130,105,2025-12-15 00:00:00
PO-2025-01556,2025-12-10 00:00:00,P006,S01,W01,40,40,2025-12-28 00:00:00
PO-2025-01557,2025-12-10 00:00:00,P019,S07,W02,390,357,2025-12-16 00:00:00
PO-2025-01558,2025-12-10 00:00:00,P024,S99,W02,250,250,2025-12-17 00:00:00
PO-2025-01559,2025-12-11 00:00:00,P002,S02,W05,80,80,2025-12-17 00:00:00
PO-2025-01560,2025-12-11 00:00:00,P017,S05,W01,150,150,2025-12-15 00:00:00
PO-2025-01561,2025-12-11 00:00:00,P018,S05,W01,220,220,2025-12-16 00:00:00
PO-2025-01562,2025-12-11 00:00:00,P022,S06,W01,370,370,2025-12-19 00:00:00
PO-2025-01563,2025-12-11 00:00:00,P023,S07,W05,170,153,2025-12-17 00:00:00
PO-2025-01564,2025-12-11 00:00:00,P024,S06,W03,130,130,2025-12-16 00:00:00
PO-2025-01565,2025-12-11 00:00:00,P026,S08,W01,190,190,2025-12-26 00:00:00
PO-2025-01566,2025-12-11 00:00:00,P028,S08,W05,80,80,2025-12-18 00:00:00
PO-2025-01567,2025-12-12 00:00:00,P017,S06,W02,410,410,2025-12-18 00:00:00
PO-2025-01568,2025-12-12 00:00:00,P021,S06,W05,180,180,2025-12-17 00:00:00
PO-2025-01569,2025-12-12 00:00:00,P022,S07,W03,450,450,2025-12-18 00:00:00
PO-2025-01570,2025-12-12 00:00:00,P025,S02,W02,160,160,2025-12-20 00:00:00
PO-2025-01571,2025-12-13 00:00:00,P002,S01,W01,60,0,
PO-2025-01572,2025-12-13 00:00:00,P005,S01,W02,140,0,
PO-2025-01573,2025-12-13 00:00:00,P014,S06,W05,270,270,2025-12-18 00:00:00
PO-2025-01574,2025-12-13 00:00:00,P027,S08,W05,90,90,2025-12-26 00:00:00
PO-2025-01575,2025-12-15 00:00:00,P003,S01,W01,60,0,
PO-2025-01576,2025-12-15 00:00:00,P005,S01,W05,100,100,2025-12-31 00:00:00
PO-2025-01577,15-12-2025,P009,S03,W03,80,80,2025-12-25 00:00:00
PO-2025-01578,2025-12-15 00:00:00,P010,S03,W04,80,80,2025-12-29 00:00:00
PO-2025-01579,2025-12-15 00:00:00,P018,S05,W02,540,540,2025-12-19 00:00:00
PO-2025-01580,2025-12-15 00:00:00,P019,S07,W05,210,210,2025-12-22 00:00:00
PO-2025-01581,2025-12-15 00:00:00,P022,S07,W05,240,240,2025-12-22 00:00:00
PO-2025-01582,2025-12-15 00:00:00,P025,S08,W01,190,168,2025-12-22 00:00:00
PO-2025-01583,2025-12-15 00:00:00,P027,S08,W01,200,200,2025-12-23 00:00:00
PO-2025-01584,2025-12-15 00:00:00,P029,S02,W01,130,123,2025-12-21 00:00:00
PO-2025-01585,2025-12-15 00:00:00,P029,S02,W04,200,200,2025-12-21 00:00:00
PO-2025-01586,2025-12-15 00:00:00,P030,S02,W04,170,170,2025-12-21 00:00:00
PO-2025-01587,2025-12-16 00:00:00,P002,S01,W02,260,,
PO-2025-01588,2025-12-16 00:00:00,P006,S01,W03,140,0,
PO-2025-01589,2025-12-17 00:00:00,P009,S03,W05,30,30,2025-12-27 00:00:00
PO-2025-01590,2025-12-17 00:00:00,P012,S03,W01,60,60,2025-12-31 00:00:00
PO-2025-01591,2025-12-17 00:00:00,P016,S05,W04,220,220,2025-12-24 00:00:00
PO-2025-01592,2025-12-17 00:00:00,P017,S05,W05,430,430,2025-12-23 00:00:00
PO-2025-01593,2025-12-17 00:00:00,P021,S07,W04,570,570,2025-12-29 00:00:00
PO-2025-01594,2025-12-17 00:00:00,P023,S06,W02,130,130,2025-12-23 00:00:00
PO-2025-01595,2025-12-17 00:00:00,P027,S08,W04,270,270,2025-12-25 00:00:00
PO-2025-01596,18-Dec-25,P004,S01,W03,110,88,2025-12-15 00:00:00
PO-2025-01597,2025-12-18 00:00:00,P007,S04,W04,30,24,30/12/2025
PO-2025-01598,2025-12-18 00:00:00,P009,S03,W01,70,70,2025-12-30 00:00:00
PO-2025-01599,2025-12-18 00:00:00,P009,S03,W02,50,50,28/12/2025
PO-2025-01600,2025-12-18 00:00:00,P021,S07,W01,240,240,2025-12-24 00:00:00
PO-2025-01601,2025-12-19 00:00:00,P001,S01,W03,100,0,
PO-2025-01602,2025-12-19 00:00:00,P004,S01,W01,140,0,
PO-2025-01603,19-12-2025,P005,S02,W01,60,60,2025-12-26 00:00:00
PO-2025-01604,2025-12-19 00:00:00,P012,S04,W04,40,0,
PO-2025-01605,2025-12-19 00:00:00,P014,S05,W04,250,250,2025-12-23 00:00:00
PO-2025-01606,2025-12-19 00:00:00,P020,S07,W02,250,250,2025-12-26 00:00:00
PO-2025-01607,2025-12-20 00:00:00,P003,S01,W03,100,0,
PO-2025-01608,2025-12-20 00:00:00,P009,S03,W04,60,54,2025-12-31 00:00:00
PO-2025-01609,2025-12-20 00:00:00,P010,S04,W05,20,,
PO-2025-01610,2025-12-20 00:00:00,P017,S05,W03,360,360,2025-12-23 00:00:00
PO-2025-01611,2025-12-20 00:00:00,P018,S05,W03,480,480,2025-12-23 00:00:00
PO-2025-01612,2025-12-20 00:00:00,P028,S08,W03,230,230,2025-12-29 00:00:00
PO-2025-01613,2025-12-22 00:00:00,P001,S01,W01,120,,
PO-2025-01614,2025-12-22 00:00:00,P002,S01,W04,130,0,
PO-2025-01615,2025-12-22 00:00:00,P005,S02,W04,140,140,2025-12-28 00:00:00
PO-2025-01616,2025-12-22 00:00:00,P016,S05,W03,330,330,2025-12-30 00:00:00
PO-2025-01617,2025-12-22 00:00:00,P018,S05,W04,320,320,2025-12-30 00:00:00
PO-2025-01618,2025-12-22 00:00:00,P018,S05,W05,350,350,2025-12-24 00:00:00
PO-2025-01619,2025-12-22 00:00:00,P022,S07,W04,250,0,
PO-2025-01620,2025-12-23 00:00:00,P003,S01,W02,140,,
PO-2025-01621,2025-12-23 00:00:00,P005,S99,W03,90,90,2025-12-29 00:00:00
PO-2025-01622,2025-12-23 00:00:00,P008,S03,W02,60,0,
PO-2025-01623,2025-12-23 00:00:00,P010,S03,W02,40,,
PO-2025-01624,2025-12-23 00:00:00,P015,S06,W02,330,,
PO-2025-01625,2025-12-23 00:00:00,P015,S06,W05,260,210,2025-12-29 00:00:00
PO-2025-01626,2025-12-23 00:00:00,P019,S07,W03,100,,
PO-2025-01627,2025-12-23 00:00:00,P026,S08,W03,130,130,2025-12-30 00:00:00
PO-2025-01628,2025-12-24 00:00:00,P013,S06,W04,310,310,
PO-2025-01629,2025-12-24 00:00:00,P013,S05,W05,270,270,2025-12-28 00:00:00
PO-2025-01630,2025-12-24 00:00:00,P014,S05,W01,250,228,2025-12-28 00:00:00
PO-2025-01631,2025-12-24 00:00:00,P016,S05,W01,340,340,2025-12-30 00:00:00
PO-2025-01632,2025-12-24 00:00:00,P019,S06,W04,310,,
PO-2025-01633,2025-12-25 00:00:00,P020,S07,W03,230,230,2025-12-30 00:00:00
PO-2025-01634,2025-12-25 00:00:00,P028,S08,W02,320,,
PO-2025-01635,2025-12-26 00:00:00,P008,S03,W01,40,,
PO-2025-01636,2025-12-26 00:00:00,P010,S03,W03,90,,
PO-2025-01637,2025-12-26 00:00:00,P013,S05,W02,920,920,2025-12-30 00:00:00
PO-2025-01638,2025-12-26 00:00:00,P020,S07,W05,270,,
PO-2025-01639,2025-12-26 00:00:00,P021,S06,W02,320,0,
PO-2025-01640,2025-12-26 00:00:00,P029,S08,W02,150,,
PO-2025-01641,2025-12-27 00:00:00,P008,S03,W03,40,,
PO-2025-01642,2025-12-27 00:00:00,P024,S07,W04,210,0,
PO-2025-01643,2025-12-29 00:00:00,P001,S01,W02,160,0,
PO-2025-01644,29-12-2025,P003,S01,,60,0,
PO-2025-01645,2025-12-29 00:00:00,P006,S01,W05,90,,
PO-2025-01646,2025-12-29 00:00:00,P019,S07,W02,390,,
PO-2025-01647,29/12/2025,P023,S06,W05,170,,
PO-2025-01648,2025-12-29 00:00:00,P024,S07,W01,150,,
PO-2025-01649,2025-12-29 00:00:00,P024,S07,W03,130,,
PO-2025-01650,2025-12-29 00:00:00,P026,S02,W02,140,0,
PO-2025-01651,2025-12-29 00:00:00,P028,S08,W01,100,,
PO-2025-01652,2025-12-29 00:00:00,P030,S08,W03,250,0,
PO-2025-01653,2025-12-30 00:00:00,P002,S01,W03,160,0,
PO-2025-01654,2025-12-30 00:00:00,P006,S01,W02,80,,
PO-2025-01655,2025-12-30 00:00:00,P006,S01,W04,100,,
PO-2025-01656,2025-12-30 00:00:00,P015,S06,W04,220,0,
PO-2025-01657,2025-12-30 00:00:00,P018,S05,W01,220,0,
PO-2025-01658,2025-12-30 00:00:00,P020,S07,W04,320,0,
PO-2025-01659,2025-12-30 00:00:00,P027,S08,W02,390,0,
PO-2025-01660,2025-12-31 00:00:00,P004,S01,W03,110,0,
PO-2025-01661,2025-12-31 00:00:00,P008,S03,W04,40,,
PO-2025-01662,2025-12-31 00:00:00,P015,S05,W01,690,,
PO-2025-01663,2025-12-31 00:00:00,P025,S08,W05,250,,
